model,score_test,score_val,eval_metric,pred_time_test,pred_time_val,fit_time,pred_time_test_marginal,pred_time_val_marginal,fit_time_marginal,stack_level,can_infer,fit_order
CatBoostDeep_BAG_L2_FULL,-0.0335366635726384,,r2,0.13646793365478516,,2.7086448669433594,0.027426481246948242,,0.10632705688476562,2,True,45
CatBoostDeep_BAG_L1_FULL,-0.04754884217612054,,r2,0.016926288604736328,,0.17241477966308594,0.016926288604736328,,0.17241477966308594,1,True,36
CatBoost_BAG_L3_FULL,-0.05735758967942539,,r2,0.30172133445739746,,7.529224395751953,0.02978038787841797,,1.5132744312286377,3,True,53
CatBoost_BAG_L2_FULL,-0.0934283417597408,,r2,0.11530852317810059,,5.296121597290039,0.006267070770263672,,2.6938037872314453,2,True,44
CatBoost_BAG_L1_FULL,-0.11722997949666092,,r2,0.005778789520263672,,1.9288206100463867,0.005778789520263672,,1.9288206100463867,1,True,35
WeightedEnsemble_L2_FULL,-0.14032182488227485,,r2,0.06442379951477051,,2.3145554065704346,0.011003732681274414,,0.02639007568359375,2,True,38
ExtraTreesMSE_BAG_L2_FULL,-0.15779164038664328,,r2,0.18458318710327148,,2.9145333766937256,0.07554173469543457,,0.31221556663513184,2,True,46
CatBoostDeep_BAG_L2,-0.16020402734828854,-0.15833821931075676,r2,0.14011645317077637,0.3292994499206543,40.95744872093201,0.019001483917236328,0.06850862503051758,1.5663673877716064,2,True,18
RandomForestMAE_BAG_L3_FULL,-0.16724703885691494,,r2,0.3464164733886719,,6.3366875648498535,0.07447552680969238,,0.3207376003265381,3,True,52
WeightedEnsemble_L3_FULL,-0.16895278284220372,,r2,0.1671278476715088,,5.632622480392456,0.002600431442260742,,0.02151012420654297,3,True,47
WeightedEnsemble_L4_FULL,-0.16895278284220372,,r2,0.17488408088684082,,5.635672092437744,0.010356664657592773,,0.024559736251831055,4,True,54
RandomForestMSE_BAG_L3_FULL,-0.1690720125516889,,r2,0.34534621238708496,,6.3136045932769775,0.07340526580810547,,0.2976546287536621,3,True,51
CatBoostDeep_BAG_L1,-0.16919036354160832,-0.16286489705654472,r2,0.022114276885986328,0.06723380088806152,2.1473262310028076,0.022114276885986328,0.06723380088806152,2.1473262310028076,1,True,9
CatBoost_BAG_L1,-0.20073451416037402,-0.16064672730605412,r2,0.018321752548217773,0.06470346450805664,37.884583950042725,0.018321752548217773,0.06470346450805664,37.884583950042725,1,True,8
ExtraTreesMSE_BAG_L1_FULL,-0.20548453011061563,,r2,0.05082440376281738,,0.31204891204833984,0.05082440376281738,,0.31204891204833984,1,True,37
CatBoost_BAG_L2,-0.20709680977610279,-0.12959844321745373,r2,0.14160394668579102,0.3202323913574219,68.42244625091553,0.020488977432250977,0.059441566467285156,29.031364917755127,2,True,17
RandomForestMSE_BAG_L2_FULL,-0.2191392428798744,,r2,0.15826034545898438,,2.9173085689544678,0.04921889305114746,,0.314990758895874,2,True,42
RandomForestMAE_BAG_L2_FULL,-0.22630383577870372,,r2,0.18266534805297852,,2.9062373638153076,0.0736238956451416,,0.30391955375671387,2,True,43
LightGBMXT_BAG_L1,-0.23403735503486667,-0.16021608169804602,r2,0.008453607559204102,0.0669565200805664,0.8459968566894531,0.008453607559204102,0.0669565200805664,0.8459968566894531,1,True,3
CatBoost_BAG_L3,-0.23467890952823467,-0.16236498230444285,r2,0.26706957817077637,0.5766768455505371,83.02541041374207,0.01778435707092285,0.06709074974060059,12.580342769622803,3,True,26
RandomForestMAE_BAG_L1_FULL,-0.2458808599615545,,r2,0.045046329498291016,,0.30648064613342285,0.045046329498291016,,0.30648064613342285,1,True,34
LightGBMLarge_BAG_L1,-0.24889637862322744,-0.19633094334432744,r2,0.007943391799926758,0.06327033042907715,1.0162827968597412,0.007943391799926758,0.06327033042907715,1.0162827968597412,1,True,5
LightGBM_BAG_L1,-0.2576628183536638,-0.19845286416788843,r2,0.00677943229675293,0.0622866153717041,0.8598227500915527,0.00677943229675293,0.0622866153717041,0.8598227500915527,1,True,4
WeightedEnsemble_L2,-0.265645383940885,-0.13954069907292488,r2,0.07082080841064453,0.1906726360321045,39.060813665390015,0.001630544662475586,0.0005419254302978516,0.02639007568359375,2,True,11
LightGBMXT_BAG_L3,-0.2702804507079615,-0.13356374318554787,r2,0.25710368156433105,0.5692451000213623,71.25614595413208,0.007818460464477539,0.05965900421142578,0.8110783100128174,3,True,21
RandomForestMSE_BAG_L1_FULL,-0.272080720107172,,r2,0.06346631050109863,,0.315091609954834,0.06346631050109863,,0.315091609954834,1,True,33
LightGBMXT_BAG_L2,-0.2792016920228204,-0.16076248494665246,r2,0.14102864265441895,0.3340182304382324,40.82419562339783,0.019913673400878906,0.0732274055480957,1.4331142902374268,2,True,12
LightGBMXT_BAG_L3_FULL,-0.2899027724686012,,r2,0.30120229721069336,,6.064426422119141,0.029261350631713867,,0.048476457595825195,3,True,48
LightGBMLarge_BAG_L2,-0.3014128750540004,-0.23697737529149032,r2,0.13262581825256348,0.3372514247894287,41.170400619506836,0.011510848999023438,0.07646059989929199,1.7793192863464355,2,True,14
LightGBM_BAG_L2,-0.31909544120735145,-0.24814447018587082,r2,0.1326894760131836,0.3414144515991211,40.75979924201965,0.011574506759643555,0.08062362670898438,1.368717908859253,2,True,13
WeightedEnsemble_L4,-0.3328846338064162,-0.0849155157740058,r2,0.1846935749053955,0.3742856979370117,68.74189472198486,0.0010628700256347656,0.0005390644073486328,0.024559736251831055,4,True,27
WeightedEnsemble_L3,-0.3328846338064162,-0.0849155157740058,r2,0.18518972396850586,0.3742666244506836,68.73884510993958,0.0015590190887451172,0.0005199909210205078,0.02151012420654297,3,True,20
LightGBM_BAG_L3,-0.3507279007397579,-0.27030253540872873,r2,0.2587916851043701,0.5708110332489014,71.59429216384888,0.009506464004516602,0.061224937438964844,1.1492245197296143,3,True,22
LightGBMLarge_BAG_L3,-0.3556405095240849,-0.27174918590751096,r2,0.25977563858032227,0.5829613208770752,71.87608218193054,0.01049041748046875,0.07337522506713867,1.4310145378112793,3,True,23
LightGBMLarge_BAG_L1_FULL,-0.3872934678096349,,r2,0.01628732681274414,,0.05969524383544922,0.01628732681274414,,0.05969524383544922,1,True,32
LightGBMXT_BAG_L1_FULL,-0.3945294039944258,,r2,0.0025949478149414062,,0.05286407470703125,0.0025949478149414062,,0.05286407470703125,1,True,30
RandomForestMAE_BAG_L2,-0.40238376988664126,-0.09300692673075672,r2,0.16467976570129395,0.3131861686706543,39.69083881378174,0.043564796447753906,0.05239534378051758,0.2997574806213379,2,True,16
RandomForestMSE_BAG_L2,-0.4065309796887404,-0.0898870247522725,r2,0.16314172744750977,0.31430506706237793,39.685970067977905,0.04202675819396973,0.05351424217224121,0.2948887348175049,2,True,15
ExtraTreesMSE_BAG_L2,-0.4169024074821688,-0.26221059891917475,r2,0.1668558120727539,0.32340288162231445,39.685699701309204,0.04574084281921387,0.06261205673217773,0.2946183681488037,2,True,19
LightGBM_BAG_L1_FULL,-0.42821288008312797,,r2,0.016272783279418945,,0.05435037612915039,0.016272783279418945,,0.05435037612915039,1,True,31
KNeighborsDist_BAG_L1_FULL,-0.43236039708303253,,r2,0.021012544631958008,,0.0020933151245117188,0.021012544631958008,,0.0020933151245117188,1,True,29
KNeighborsUnif_BAG_L1_FULL,-0.43922402020827467,,r2,0.0047969818115234375,,0.002103567123413086,0.0047969818115234375,,0.002103567123413086,1,True,28
RandomForestMAE_BAG_L3,-0.5259533140121602,-0.23234361144962135,r2,0.2918264865875244,0.5707912445068359,70.74556422233582,0.0425412654876709,0.061205148696899414,0.30049657821655273,3,True,25
RandomForestMSE_BAG_L3,-0.5494370612547284,-0.28306783701581195,r2,0.29271697998046875,0.5656156539916992,70.74227643013,0.043431758880615234,0.056029558181762695,0.2972087860107422,3,True,24
RandomForestMSE_BAG_L1,-0.592807643309984,-0.2821011675372791,r2,0.04355502128601074,0.052028656005859375,0.31249451637268066,0.04355502128601074,0.052028656005859375,0.31249451637268066,1,True,6
ExtraTreesMSE_BAG_L1,-0.5982438283971461,-0.3844128578887085,r2,0.046758413314819336,0.05485963821411133,0.2989523410797119,0.046758413314819336,0.05485963821411133,0.2989523410797119,1,True,10
RandomForestMAE_BAG_L1,-0.6340565264415932,-0.27489439050038555,r2,0.04241490364074707,0.058470726013183594,0.30384278297424316,0.04241490364074707,0.058470726013183594,0.30384278297424316,1,True,7
LightGBMLarge_BAG_L3_FULL,-0.7714631061322972,,r2,0.30286264419555664,,6.11735463142395,0.03092169761657715,,0.10140466690063477,3,True,50
LightGBMLarge_BAG_L2_FULL,-0.8084142405669916,,r2,0.15815281867980957,,2.714282989501953,0.049111366271972656,,0.11196517944335938,2,True,41
LightGBM_BAG_L3_FULL,-0.8211842191069749,,r2,0.30292725563049316,,6.088106155395508,0.030986309051513672,,0.07215619087219238,3,True,49
LightGBM_BAG_L2_FULL,-0.9229785719618591,,r2,0.1404867172241211,,2.698185920715332,0.03144526481628418,,0.09586811065673828,2,True,40
KNeighborsUnif_BAG_L1,-0.9651373731895831,-0.5671208586930157,r2,0.005166292190551758,0.01580047607421875,0.05770540237426758,0.005166292190551758,0.01580047607421875,0.05770540237426758,1,True,1
KNeighborsDist_BAG_L1,-0.9730192027783611,-0.5953010486651558,r2,0.008914947509765625,0.01624584197998047,0.0021636486053466797,0.008914947509765625,0.01624584197998047,0.0021636486053466797,1,True,2
LightGBMXT_BAG_L2_FULL,-1.2566696969533062,,r2,0.1409132480621338,,2.6949398517608643,0.031871795654296875,,0.09262204170227051,2,True,39
