point_id,mileage,zone,session,date,increment_mm,rate,cumulative_mm,replicate,cum_recon,single_lag_1,cum_lag_1,single_lag_2,cum_lag_2,single_lag_3,cum_lag_3,single_lag_4,cum_lag_4,single_lag_5,cum_lag_5,roll_mean_3,roll_std_3,diff_1,days_next,days_prev,timestep,has_goaf,seam_thickness_m,mining_depth_m,depth_thickness_ratio,dip_angle_deg,recovery_rate,years_since_abandonment,room_width_m,pillar_width_m,grouting,mining_method,overburden_lithology,coal_mine,stability_class,geo_note
C1,K21+100,K21,6,2022-05-31,1.1,0.03,2.7,1,2.8000000000000003,1.0,1.7000000000000002,0.3,0.7000000000000002,-1.2,0.40000000000000013,0.3,1.6,1.3,1.3,0.03333333333333336,1.1239810200058244,0.7,34.0,21.0,6,0.0,0.0,0.0,0.0,0.0,0.0,0.0,0.0,0.0,0.0,none,none,none,none,outside Wanghe mine boundary (mine starts at K21+240)
C1,K21+100,K21,7,2022-06-24,-0.8,-0.03,2.0,1,2.0,1.1,2.8000000000000003,1.0,1.7000000000000002,0.3,0.7000000000000002,-1.2,0.40000000000000013,0.3,1.6,0.8000000000000002,0.4358898943540674,0.10000000000000009,24.0,34.0,7,0.0,0.0,0.0,0.0,0.0,0.0,0.0,0.0,0.0,0.0,none,none,none,none,outside Wanghe mine boundary (mine starts at K21+240)
C1,K21+100,K21,8,2022-07-16,1.2,0.05,3.2,1,3.2,-0.8,2.0,1.1,2.8000000000000003,1.0,1.7000000000000002,0.3,0.7000000000000002,-1.2,0.40000000000000013,0.4333333333333334,1.0692676621563628,-1.9000000000000001,22.0,24.0,8,0.0,0.0,0.0,0.0,0.0,0.0,0.0,0.0,0.0,0.0,none,none,none,none,outside Wanghe mine boundary (mine starts at K21+240)
C10,K22+000,K22,6,2022-05-31,2.3,0.07,3.3,1,3.3999999999999995,1.3,1.0999999999999999,-2.4,-0.20000000000000018,-1.1,2.1999999999999997,1.4,3.3,1.9,1.9,-0.7333333333333334,1.8770544300401453,3.7,34.0,21.0,6,0.0,0.0,0.0,0.0,0.0,0.0,0.0,0.0,0.0,0.0,none,none,Wanghe,none,outside goaf segments; no goaf beneath the route
C10,K22+000,K22,7,2022-06-24,-0.8,-0.03,2.5,1,2.5999999999999996,2.3,3.3999999999999995,1.3,1.0999999999999999,-2.4,-0.20000000000000018,-1.1,2.1999999999999997,1.4,3.3,0.3999999999999999,2.4758836806279896,0.9999999999999998,24.0,34.0,7,0.0,0.0,0.0,0.0,0.0,0.0,0.0,0.0,0.0,0.0,none,none,Wanghe,none,outside goaf segments; no goaf beneath the route
C10,K22+000,K22,8,2022-07-16,-1.1,-0.05,1.4,1,1.4999999999999993,-0.8,2.5999999999999996,2.3,3.3999999999999995,1.3,1.0999999999999999,-2.4,-0.20000000000000018,-1.1,2.1999999999999997,0.9333333333333332,1.582192571507443,-3.0999999999999996,22.0,24.0,8,0.0,0.0,0.0,0.0,0.0,0.0,0.0,0.0,0.0,0.0,none,none,Wanghe,none,outside goaf segments; no goaf beneath the route
C11,K22+050,K22,6,2022-05-31,1.9,0.06,-1.5,1,-1.5,-1.9,-3.4,-2.2,-1.5,-2.1,0.7000000000000002,2.2,2.8000000000000003,0.6,0.6,-2.066666666666667,0.1527525231651904,0.30000000000000027,34.0,21.0,6,0.0,0.0,0.0,0.0,0.0,0.0,0.0,0.0,0.0,0.0,none,none,Wanghe,none,outside goaf segments; no goaf beneath the route; dual-mileage point (ramp mileage belongs to Segment 1)
C11,K22+050,K22,7,2022-06-24,-1.8,-0.08,-3.4,1,-3.3,1.9,-1.5,-1.9,-3.4,-2.2,-1.5,-2.1,0.7000000000000002,2.2,2.8000000000000003,-0.7333333333333334,2.2854612955229263,3.8,24.0,34.0,7,0.0,0.0,0.0,0.0,0.0,0.0,0.0,0.0,0.0,0.0,none,none,Wanghe,none,outside goaf segments; no goaf beneath the route; dual-mileage point (ramp mileage belongs to Segment 1)
C11,K22+050,K22,8,2022-07-16,-1.1,-0.05,-4.5,1,-4.4,-1.8,-3.3,1.9,-1.5,-1.9,-3.4,-2.2,-1.5,-2.1,0.7000000000000002,-0.6,2.1656407827707715,-3.7,22.0,24.0,8,0.0,0.0,0.0,0.0,0.0,0.0,0.0,0.0,0.0,0.0,none,none,Wanghe,none,outside goaf segments; no goaf beneath the route; dual-mileage point (ramp mileage belongs to Segment 1)
C12,K22+150,K22,6,2022-05-31,1.5,0.04,0.6,1,0.5000000000000003,-1.4,-0.9999999999999997,0.1,0.40000000000000024,-1.2,0.30000000000000027,0.4,1.5,1.1,1.1,-0.8333333333333334,0.8144527815247076,-1.5,34.0,21.0,6,0.0,0.0,0.0,0.0,0.0,0.0,0.0,0.0,0.0,0.0,none,none,Wanghe,none,outside goaf segments; no goaf beneath the route; dual-mileage point (ramp mileage belongs to Segment 1)
C12,K22+150,K22,7,2022-06-24,-0.4,-0.02,0.1,1,0.10000000000000031,1.5,0.5000000000000003,-1.4,-0.9999999999999997,0.1,0.40000000000000024,-1.2,0.30000000000000027,0.4,1.5,0.06666666666666672,1.450287327853806,2.9,24.0,34.0,7,0.0,0.0,0.0,0.0,0.0,0.0,0.0,0.0,0.0,0.0,none,none,Wanghe,none,outside goaf segments; no goaf beneath the route; dual-mileage point (ramp mileage belongs to Segment 1)
C12,K22+150,K22,8,2022-07-16,-1.2,-0.05,-1.1,1,-1.0999999999999996,-0.4,0.10000000000000031,1.5,0.5000000000000003,-1.4,-0.9999999999999997,0.1,0.40000000000000024,-1.2,0.30000000000000027,-0.09999999999999994,1.4730919862656233,-1.9,22.0,24.0,8,0.0,0.0,0.0,0.0,0.0,0.0,0.0,0.0,0.0,0.0,none,none,Wanghe,none,outside goaf segments; no goaf beneath the route; dual-mileage point (ramp mileage belongs to Segment 1)
C13,K22+080,K22,6,2022-05-31,1.5,0.05,2.5,1,2.4,-1.1,0.8999999999999999,0.5,2.0,-1.0,1.5,1.1,2.5,1.4,1.4,-0.5333333333333333,0.8962886439832501,-1.6,34.0,21.0,6,0.0,0.0,0.0,0.0,0.0,0.0,0.0,0.0,0.0,0.0,none,none,Wanghe,none,outside goaf segments; no goaf beneath the route; dual-mileage point (ramp mileage belongs to Segment 1)
C13,K22+080,K22,7,2022-06-24,1.8,0.08,4.3,1,4.2,1.5,2.4,-1.1,0.8999999999999999,0.5,2.0,-1.0,1.5,1.1,2.5,0.3,1.3114877048604001,2.6,24.0,34.0,7,0.0,0.0,0.0,0.0,0.0,0.0,0.0,0.0,0.0,0.0,none,none,Wanghe,none,outside goaf segments; no goaf beneath the route; dual-mileage point (ramp mileage belongs to Segment 1)
C13,K22+080,K22,8,2022-07-16,-1.1,-0.05,3.1,1,3.0999999999999996,1.8,4.2,1.5,2.4,-1.1,0.8999999999999999,0.5,2.0,-1.0,1.5,0.7333333333333334,1.5947831618540915,0.30000000000000004,22.0,24.0,8,0.0,0.0,0.0,0.0,0.0,0.0,0.0,0.0,0.0,0.0,none,none,Wanghe,none,outside goaf segments; no goaf beneath the route; dual-mileage point (ramp mileage belongs to Segment 1)
C14,K22+080,K22,6,2022-05-31,-2.6,-0.08,2.8,1,2.7000000000000006,-1.4,5.300000000000001,2.0,6.700000000000001,-1.1,4.700000000000001,4.4,5.800000000000001,1.4,1.4,-0.16666666666666652,1.8823743871327336,-3.4,34.0,21.0,6,0.0,0.0,0.0,0.0,0.0,0.0,0.0,0.0,0.0,0.0,none,none,Wanghe,none,outside goaf segments; no goaf beneath the route; dual-mileage point (ramp mileage belongs to Segment 1)
C14,K22+080,K22,7,2022-06-24,0.3,0.01,3.1,1,3.0000000000000004,-2.6,2.7000000000000006,-1.4,5.300000000000001,2.0,6.700000000000001,-1.1,4.700000000000001,4.4,5.800000000000001,-0.6666666666666665,2.386070689089771,-1.2000000000000002,24.0,34.0,7,0.0,0.0,0.0,0.0,0.0,0.0,0.0,0.0,0.0,0.0,none,none,Wanghe,none,outside goaf segments; no goaf beneath the route; dual-mileage point (ramp mileage belongs to Segment 1)
C14,K22+080,K22,8,2022-07-16,-0.5,-0.02,2.6,1,2.5000000000000004,0.3,3.0000000000000004,-2.6,2.7000000000000006,-1.4,5.300000000000001,2.0,6.700000000000001,-1.1,4.700000000000001,-1.2333333333333332,1.4571661996262941,2.9,22.0,24.0,8,0.0,0.0,0.0,0.0,0.0,0.0,0.0,0.0,0.0,0.0,none,none,Wanghe,none,outside goaf segments; no goaf beneath the route; dual-mileage point (ramp mileage belongs to Segment 1)
C15,K22+050,K22,6,2022-05-31,-0.1,0.0,0.9,1,0.9000000000000001,-0.6,1.0,1.0,1.6,-0.9,0.6,1.5,1.5,0.0,0.0,-0.16666666666666663,1.021436896402971,-1.6,34.0,21.0,6,0.0,0.0,0.0,0.0,0.0,0.0,0.0,0.0,0.0,0.0,none,none,Wanghe,none,outside goaf segments; no goaf beneath the route
C15,K22+050,K22,7,2022-06-24,0.7,0.03,1.5,1,1.6,-0.1,0.9000000000000001,-0.6,1.0,1.0,1.6,-0.9,0.6,1.5,1.5,0.10000000000000005,0.8185352771872451,0.5,24.0,34.0,7,0.0,0.0,0.0,0.0,0.0,0.0,0.0,0.0,0.0,0.0,none,none,Wanghe,none,outside goaf segments; no goaf beneath the route
C15,K22+050,K22,8,2022-07-16,0.5,0.02,2.0,1,2.1,0.7,1.6,-0.1,0.9000000000000001,-0.6,1.0,1.0,1.6,-0.9,0.6,3.700743415417188e-17,0.6557438524302001,0.7999999999999999,22.0,24.0,8,0.0,0.0,0.0,0.0,0.0,0.0,0.0,0.0,0.0,0.0,none,none,Wanghe,none,outside goaf segments; no goaf beneath the route
C16,K22+200,K22,6,2022-05-31,-2.0,-0.06,-2.7,1,-2.6,-1.0,-0.6000000000000001,0.0,0.3999999999999999,-1.1,0.3999999999999999,1.6,1.5,-0.1,-0.1,-0.7000000000000001,0.6082762530298219,-1.0,34.0,21.0,6,0.0,0.0,0.0,0.0,0.0,0.0,0.0,0.0,0.0,0.0,none,none,Wanghe,none,outside goaf segments; no goaf beneath the route
C16,K22+200,K22,7,2022-06-24,-1.2,-0.05,-3.9,1,-3.8,-2.0,-2.6,-1.0,-0.6000000000000001,0.0,0.3999999999999999,-1.1,0.3999999999999999,1.6,1.5,-1.0,0.9999999999999999,-1.0,24.0,34.0,7,0.0,0.0,0.0,0.0,0.0,0.0,0.0,0.0,0.0,0.0,none,none,Wanghe,none,outside goaf segments; no goaf beneath the route
C16,K22+200,K22,8,2022-07-16,0.7,0.03,-3.2,1,-3.1,-1.2,-3.8,-2.0,-2.6,-1.0,-0.6000000000000001,0.0,0.3999999999999999,-1.1,0.3999999999999999,-1.4000000000000001,0.5291502622129182,0.8,22.0,24.0,8,0.0,0.0,0.0,0.0,0.0,0.0,0.0,0.0,0.0,0.0,none,none,Wanghe,none,outside goaf segments; no goaf beneath the route
C17,K22+230,K22,6,2022-05-31,1.5,0.04,1.9,1,1.8999999999999997,-1.0,0.3999999999999997,1.9,1.3999999999999997,-1.1,-0.5000000000000002,-0.8,0.5999999999999999,1.4,1.4,-0.06666666666666672,1.7039170558842744,-2.9,34.0,21.0,6,0.0,0.0,0.0,0.0,0.0,0.0,0.0,0.0,0.0,0.0,none,none,Wanghe,none,outside goaf segments; no goaf beneath the route; dual-mileage point (ramp mileage belongs to Segment 1)
C17,K22+230,K22,7,2022-06-24,1.8,0.07,3.7,1,3.6999999999999997,1.5,1.8999999999999997,-1.0,0.3999999999999997,1.9,1.3999999999999997,-1.1,-0.5000000000000002,-0.8,0.5999999999999999,0.7999999999999999,1.5716233645501712,2.5,24.0,34.0,7,0.0,0.0,0.0,0.0,0.0,0.0,0.0,0.0,0.0,0.0,none,none,Wanghe,none,outside goaf segments; no goaf beneath the route; dual-mileage point (ramp mileage belongs to Segment 1)
C17,K22+230,K22,8,2022-07-16,-1.4,-0.06,2.3,1,2.3,1.8,3.6999999999999997,1.5,1.8999999999999997,-1.0,0.3999999999999997,1.9,1.3999999999999997,-1.1,-0.5000000000000002,0.7666666666666666,1.5373136743466942,0.30000000000000004,22.0,24.0,8,0.0,0.0,0.0,0.0,0.0,0.0,0.0,0.0,0.0,0.0,none,none,Wanghe,none,outside goaf segments; no goaf beneath the route; dual-mileage point (ramp mileage belongs to Segment 1)
C18,K22+280,K22,6,2022-05-31,-0.9,-0.03,1.9,1,1.8000000000000003,-0.7,2.7,1.3,3.4000000000000004,-1.0,2.1,0.1,3.1,3.0,3.0,-0.13333333333333328,1.250333288900737,-2.0,34.0,21.0,6,1.0,1.24,215.0,162.5,11.0,0.75,6.9,0.0,0.0,0.0,shortwall,medium_hard,Wanghe,basic_stable,
C18,K22+280,K22,7,2022-06-24,-1.7,-0.07,0.2,1,0.10000000000000009,-0.9,1.8000000000000003,-0.7,2.7,1.3,3.4000000000000004,-1.0,2.1,0.1,3.1,-0.09999999999999994,1.216552506059644,-0.20000000000000007,24.0,34.0,7,1.0,1.24,215.0,162.5,11.0,0.75,6.9,0.0,0.0,0.0,shortwall,medium_hard,Wanghe,basic_stable,
C18,K22+280,K22,8,2022-07-16,-1.7,-0.08,-1.5,1,-1.5999999999999999,-1.7,0.10000000000000009,-0.9,1.8000000000000003,-0.7,2.7,1.3,3.4000000000000004,-1.0,2.1,-1.0999999999999999,0.5291502622129184,-0.7999999999999999,22.0,24.0,8,1.0,1.24,215.0,162.5,11.0,0.75,6.9,0.0,0.0,0.0,shortwall,medium_hard,Wanghe,basic_stable,
C19,K22+320,K22,6,2022-05-31,2.3,0.07,5.6,1,5.699999999999999,-0.3,3.4,1.6,3.6999999999999997,-0.9,2.0999999999999996,0.7,3.0,2.3,2.3,0.13333333333333333,1.3051181300301267,-1.9000000000000001,34.0,21.0,6,1.0,1.24,215.0,162.5,11.0,0.75,6.9,0.0,0.0,0.0,shortwall,medium_hard,Wanghe,basic_stable,
C19,K22+320,K22,7,2022-06-24,-1.3,-0.05,4.3,1,4.3999999999999995,2.3,5.699999999999999,-0.3,3.4,1.6,3.6999999999999997,-0.9,2.0999999999999996,0.7,3.0,1.2,1.3453624047073711,2.5999999999999996,24.0,34.0,7,1.0,1.24,215.0,162.5,11.0,0.75,6.9,0.0,0.0,0.0,shortwall,medium_hard,Wanghe,basic_stable,
C19,K22+320,K22,8,2022-07-16,-1.3,-0.06,3.0,1,3.0999999999999996,-1.3,4.3999999999999995,2.3,5.699999999999999,-0.3,3.4,1.6,3.6999999999999997,-0.9,2.0999999999999996,0.23333333333333317,1.8583146486355142,-3.5999999999999996,22.0,24.0,8,1.0,1.24,215.0,162.5,11.0,0.75,6.9,0.0,0.0,0.0,shortwall,medium_hard,Wanghe,basic_stable,
C2,K21+155,K21,6,2022-05-31,-2.0,-0.06,-2.2,1,-2.1,-1.6,-0.10000000000000009,-0.2,1.5,-1.1,1.7,1.6,2.8,1.2,1.2,-0.9666666666666668,0.7094598884597578,-1.4000000000000001,34.0,21.0,6,0.0,0.0,0.0,0.0,0.0,0.0,0.0,0.0,0.0,0.0,none,none,none,none,outside Wanghe mine boundary (mine starts at K21+240)
C2,K21+155,K21,7,2022-06-24,2.0,0.08,-0.2,1,-0.10000000000000009,-2.0,-2.1,-1.6,-0.10000000000000009,-0.2,1.5,-1.1,1.7,1.6,2.8,-1.2666666666666666,0.9451631252505209,-0.3999999999999999,24.0,34.0,7,0.0,0.0,0.0,0.0,0.0,0.0,0.0,0.0,0.0,0.0,none,none,none,none,outside Wanghe mine boundary (mine starts at K21+240)
C2,K21+155,K21,8,2022-07-16,-0.9,-0.04,-1.1,1,-1.0,2.0,-0.10000000000000009,-2.0,-2.1,-1.6,-0.10000000000000009,-0.2,1.5,-1.1,1.7,-0.5333333333333333,2.2030282189144406,4.0,22.0,24.0,8,0.0,0.0,0.0,0.0,0.0,0.0,0.0,0.0,0.0,0.0,none,none,none,none,outside Wanghe mine boundary (mine starts at K21+240)
C20,K22+320,K22,6,2022-05-31,-1.9,-0.06,1.5,1,1.6,-1.0,3.5,1.9,4.5,-1.0,2.6,-0.1,3.6,3.7,3.7,-0.0333333333333334,1.6743157806499147,-2.9,34.0,21.0,6,1.0,1.24,215.0,162.5,11.0,0.75,6.9,0.0,0.0,0.0,shortwall,medium_hard,Wanghe,basic_stable,dual-mileage point (ramp mileage belongs to Segment 1)
C20,K22+320,K22,7,2022-06-24,-0.3,-0.01,1.3,1,1.3,-1.9,1.6,-1.0,3.5,1.9,4.5,-1.0,2.6,-0.1,3.6,-0.3333333333333333,1.9857828011475305,-0.8999999999999999,24.0,34.0,7,1.0,1.24,215.0,162.5,11.0,0.75,6.9,0.0,0.0,0.0,shortwall,medium_hard,Wanghe,basic_stable,dual-mileage point (ramp mileage belongs to Segment 1)
C20,K22+320,K22,8,2022-07-16,-0.6,-0.03,0.6,1,0.7000000000000002,-0.3,1.3,-1.9,1.6,-1.0,3.5,1.9,4.5,-1.0,2.6,-1.0666666666666667,0.8020806277010639,1.5999999999999999,22.0,24.0,8,1.0,1.24,215.0,162.5,11.0,0.75,6.9,0.0,0.0,0.0,shortwall,medium_hard,Wanghe,basic_stable,dual-mileage point (ramp mileage belongs to Segment 1)
C21,,RAMP,6,2022-05-31,-1.0,-0.03,-1.7,1,-1.6999999999999997,-1.0,-0.6999999999999998,0.8,0.30000000000000016,-0.9,-0.4999999999999999,1.6,0.40000000000000013,-1.2,-1.2,-0.3666666666666667,1.0115993936995678,-1.8,34.0,21.0,6,1.0,1.24,215.0,162.5,11.0,0.75,6.9,0.0,0.0,0.0,shortwall,medium_hard,Interchange(Wanghe/Mihe/Shuanglou),basic_stable,
C21,,RAMP,7,2022-06-24,0.5,0.02,-1.2,1,-1.1999999999999997,-1.0,-1.6999999999999997,-1.0,-0.6999999999999998,0.8,0.30000000000000016,-0.9,-0.4999999999999999,1.6,0.40000000000000013,-0.39999999999999997,1.0392304845413263,0.0,24.0,34.0,7,1.0,1.24,215.0,162.5,11.0,0.75,6.9,0.0,0.0,0.0,shortwall,medium_hard,Interchange(Wanghe/Mihe/Shuanglou),basic_stable,
C21,,RAMP,8,2022-07-16,1.5,0.07,0.3,1,0.30000000000000027,0.5,-1.1999999999999997,-1.0,-1.6999999999999997,-1.0,-0.6999999999999998,0.8,0.30000000000000016,-0.9,-0.4999999999999999,-0.5,0.8660254037844385,1.5,22.0,24.0,8,1.0,1.24,215.0,162.5,11.0,0.75,6.9,0.0,0.0,0.0,shortwall,medium_hard,Interchange(Wanghe/Mihe/Shuanglou),basic_stable,
C22,,RAMP,6,2022-05-31,-2.6,-0.08,-2.8,1,-2.8000000000000003,-0.8,-0.20000000000000018,1.9,0.5999999999999999,-1.1,-1.3,1.3,-0.19999999999999996,-1.5,-1.5,-7.401486830834377e-17,1.6522711641858305,-2.7,34.0,21.0,6,1.0,1.24,215.0,162.5,11.0,0.75,6.9,0.0,0.0,0.0,shortwall,medium_hard,Interchange(Wanghe/Mihe/Shuanglou),basic_stable,
C22,,RAMP,7,2022-06-24,0.3,0.01,-2.5,1,-2.5000000000000004,-2.6,-2.8000000000000003,-0.8,-0.20000000000000018,1.9,0.5999999999999999,-1.1,-1.3,1.3,-0.19999999999999996,-0.5000000000000001,2.264950330581225,-1.8,24.0,34.0,7,1.0,1.24,215.0,162.5,11.0,0.75,6.9,0.0,0.0,0.0,shortwall,medium_hard,Interchange(Wanghe/Mihe/Shuanglou),basic_stable,
C22,,RAMP,8,2022-07-16,1.4,0.06,-1.1,1,-1.1000000000000003,0.3,-2.5000000000000004,-2.6,-2.8000000000000003,-0.8,-0.20000000000000018,1.9,0.5999999999999999,-1.1,-1.3,-1.0333333333333334,1.46401275039985,2.9,22.0,24.0,8,1.0,1.24,215.0,162.5,11.0,0.75,6.9,0.0,0.0,0.0,shortwall,medium_hard,Interchange(Wanghe/Mihe/Shuanglou),basic_stable,
C23,,RAMP,6,2022-05-31,-0.1,0.0,4.6,1,4.6000000000000005,1.2,4.7,0.1,3.5,-1.2,3.4000000000000004,1.0,4.6,3.6,3.6,0.03333333333333336,1.2013880860626733,1.0999999999999999,34.0,21.0,6,1.0,1.24,215.0,162.5,11.0,0.75,6.9,0.0,0.0,0.0,shortwall,medium_hard,Interchange(Wanghe/Mihe/Shuanglou),basic_stable,
C23,,RAMP,7,2022-06-24,-1.1,-0.04,3.5,1,3.5,-0.1,4.6000000000000005,1.2,4.7,0.1,3.5,-1.2,3.4000000000000004,1.0,4.6,0.3999999999999999,0.7000000000000003,-1.3,24.0,34.0,7,1.0,1.24,215.0,162.5,11.0,0.75,6.9,0.0,0.0,0.0,shortwall,medium_hard,Interchange(Wanghe/Mihe/Shuanglou),basic_stable,
C23,,RAMP,8,2022-07-16,1.0,0.04,4.5,1,4.5,-1.1,3.5,-0.1,4.6000000000000005,1.2,4.7,0.1,3.5,-1.2,3.4000000000000004,-1.4802973661668753e-16,1.1532562594670797,-1.0,22.0,24.0,8,1.0,1.24,215.0,162.5,11.0,0.75,6.9,0.0,0.0,0.0,shortwall,medium_hard,Interchange(Wanghe/Mihe/Shuanglou),basic_stable,
C24,JPK20+790,JPK,6,2022-05-31,-0.6,-0.02,4.0,1,4.0,1.1,4.6,0.0,3.5,-1.0,3.5,1.9,4.5,2.6,2.6,0.03333333333333336,1.0503967504392493,1.1,34.0,21.0,6,1.0,1.24,215.0,162.5,11.0,0.75,6.9,0.0,0.0,0.0,shortwall,medium_hard,Mihe,basic_stable,
C24,JPK20+790,JPK,7,2022-06-24,0.7,0.03,4.8,1,4.7,-0.6,4.0,1.1,4.6,0.0,3.5,-1.0,3.5,1.9,4.5,0.1666666666666667,0.8621678104251714,-1.7000000000000002,24.0,34.0,7,1.0,1.24,215.0,162.5,11.0,0.75,6.9,0.0,0.0,0.0,shortwall,medium_hard,Mihe,basic_stable,
C24,JPK20+790,JPK,8,2022-07-16,-1.0,-0.04,3.8,1,3.7,0.7,4.7,-0.6,4.0,1.1,4.6,0.0,3.5,-1.0,3.5,0.4000000000000001,0.8888194417315594,1.2999999999999998,22.0,24.0,8,1.0,1.24,215.0,162.5,11.0,0.75,6.9,0.0,0.0,0.0,shortwall,medium_hard,Mihe,basic_stable,
C25,JPK20+850,JPK,6,2022-05-31,-2.8,-0.08,5.5,1,5.6000000000000005,2.1,8.4,1.6,6.3,0.0,4.7,1.7,4.7,3.0,3.0,1.2333333333333334,1.0969655114602892,0.5,34.0,21.0,6,1.0,1.24,215.0,162.5,11.0,0.75,6.9,0.0,0.0,0.0,shortwall,medium_hard,Mihe,basic_stable,
C25,JPK20+850,JPK,7,2022-06-24,-1.7,-0.07,3.8,1,3.9000000000000004,-2.8,5.6000000000000005,2.1,8.4,1.6,6.3,0.0,4.7,1.7,4.7,0.3000000000000001,2.696293752542553,-4.9,24.0,34.0,7,1.0,1.24,215.0,162.5,11.0,0.75,6.9,0.0,0.0,0.0,shortwall,medium_hard,Mihe,basic_stable,
C25,JPK20+850,JPK,8,2022-07-16,0.2,0.01,4.0,1,4.1000000000000005,-1.7,3.9000000000000004,-2.8,5.6000000000000005,2.1,8.4,1.6,6.3,0.0,4.7,-0.7999999999999998,2.570992026436489,1.0999999999999999,22.0,24.0,8,1.0,1.24,215.0,162.5,11.0,0.75,6.9,0.0,0.0,0.0,shortwall,medium_hard,Mihe,basic_stable,
C26,JPK20+890,JPK,6,2022-05-31,-2.7,-0.08,3.8,1,3.8,1.0,6.5,1.7,5.5,-1.0,3.8000000000000003,2.7,4.800000000000001,2.1,2.1,0.5666666666666667,1.4011899704655801,-0.7,34.0,21.0,6,1.0,1.24,215.0,162.5,11.0,0.75,6.9,0.0,0.0,0.0,shortwall,medium_hard,Mihe,basic_stable,
C26,JPK20+890,JPK,7,2022-06-24,-2.0,-0.08,1.8,1,1.7999999999999998,-2.7,3.8,1.0,6.5,1.7,5.5,-1.0,3.8000000000000003,2.7,4.800000000000001,0.0,2.364318083507378,-3.7,24.0,34.0,7,1.0,1.24,215.0,162.5,11.0,0.75,6.9,0.0,0.0,0.0,shortwall,medium_hard,Mihe,basic_stable,
C26,JPK20+890,JPK,8,2022-07-16,-0.9,-0.04,0.9,1,0.8999999999999998,-2.0,1.7999999999999998,-2.7,3.8,1.0,6.5,1.7,5.5,-1.0,3.8000000000000003,-1.2333333333333334,1.965536398374076,0.7000000000000002,22.0,24.0,8,1.0,1.24,215.0,162.5,11.0,0.75,6.9,0.0,0.0,0.0,shortwall,medium_hard,Mihe,basic_stable,
C27,JPK20+920,JPK,6,2022-05-31,1.6,0.05,8.7,1,8.7,1.9,7.1,0.0,5.2,-1.0,5.2,3.2,6.2,3.0,3.0,0.3,1.4730919862656233,1.9,34.0,21.0,6,1.0,1.24,215.0,162.5,11.0,0.75,6.9,0.0,0.0,0.0,shortwall,medium_hard,Mihe,basic_stable,dual-mileage point (ramp mileage belongs to Segment 1)
C27,JPK20+920,JPK,7,2022-06-24,-0.2,-0.01,8.5,1,8.5,1.6,8.7,1.9,7.1,0.0,5.2,-1.0,5.2,3.2,6.2,1.1666666666666667,1.0214368964029705,-0.2999999999999998,24.0,34.0,7,1.0,1.24,215.0,162.5,11.0,0.75,6.9,0.0,0.0,0.0,shortwall,medium_hard,Mihe,basic_stable,dual-mileage point (ramp mileage belongs to Segment 1)
C27,JPK20+920,JPK,8,2022-07-16,-1.1,-0.05,7.4,1,7.4,-0.2,8.5,1.6,8.7,1.9,7.1,0.0,5.2,-1.0,5.2,1.0999999999999999,1.1357816691600544,-1.8,22.0,24.0,8,1.0,1.24,215.0,162.5,11.0,0.75,6.9,0.0,0.0,0.0,shortwall,medium_hard,Mihe,basic_stable,dual-mileage point (ramp mileage belongs to Segment 1)
C28,JPK21+060,JPK,6,2022-05-31,-1.7,-0.05,3.7,1,3.8000000000000003,0.9,5.5,0.0,4.6,-1.1,4.6,2.7,5.7,3.0,3.0,-0.0666666666666667,1.0016652800877817,0.9,34.0,21.0,6,1.0,1.24,215.0,162.5,11.0,0.75,6.9,0.0,0.0,0.0,shortwall,medium_hard,Mihe,basic_stable,dual-mileage point (ramp mileage belongs to Segment 1)
C28,JPK21+060,JPK,7,2022-06-24,1.0,0.04,4.7,1,4.800000000000001,-1.7,3.8000000000000003,0.9,5.5,0.0,4.6,-1.1,4.6,2.7,5.7,-0.26666666666666666,1.3203534880225574,-2.6,24.0,34.0,7,1.0,1.24,215.0,162.5,11.0,0.75,6.9,0.0,0.0,0.0,shortwall,medium_hard,Mihe,basic_stable,dual-mileage point (ramp mileage belongs to Segment 1)
C28,JPK21+060,JPK,8,2022-07-16,-0.1,0.0,4.7,1,4.7,1.0,4.800000000000001,-1.7,3.8000000000000003,0.9,5.5,0.0,4.6,-1.1,4.6,0.0666666666666667,1.530795000427338,2.7,22.0,24.0,8,1.0,1.24,215.0,162.5,11.0,0.75,6.9,0.0,0.0,0.0,shortwall,medium_hard,Mihe,basic_stable,dual-mileage point (ramp mileage belongs to Segment 1)
C29,JPK21+010,JPK,6,2022-05-31,-2.3,-0.07,5.0,1,5.0,1.2,7.3,1.9,6.1,-1.1,4.2,2.7,5.300000000000001,2.6,2.6,0.6666666666666666,1.5695009822658075,-0.7,34.0,21.0,6,1.0,1.24,215.0,162.5,11.0,0.75,6.9,0.0,0.0,0.0,shortwall,medium_hard,Mihe,basic_stable,
C29,JPK21+010,JPK,7,2022-06-24,0.6,0.03,5.6,1,5.6,-2.3,5.0,1.2,7.3,1.9,6.1,-1.1,4.2,2.7,5.300000000000001,0.2666666666666666,2.250185177565023,-3.5,24.0,34.0,7,1.0,1.24,215.0,162.5,11.0,0.75,6.9,0.0,0.0,0.0,shortwall,medium_hard,Mihe,basic_stable,
C29,JPK21+010,JPK,8,2022-07-16,-1.2,-0.05,4.4,1,4.4,0.6,5.6,-2.3,5.0,1.2,7.3,1.9,6.1,-1.1,4.2,-0.16666666666666663,1.8717193521821944,2.9,22.0,24.0,8,1.0,1.24,215.0,162.5,11.0,0.75,6.9,0.0,0.0,0.0,shortwall,medium_hard,Mihe,basic_stable,
C3,K21+155,K21,6,2022-05-31,-1.5,-0.05,-2.6,1,-2.6,-1.7,-1.1,-0.3,0.5999999999999999,-1.1,0.8999999999999999,0.9,2.0,1.1,1.1,-1.0333333333333334,0.702376916856849,-1.4,34.0,21.0,6,0.0,0.0,0.0,0.0,0.0,0.0,0.0,0.0,0.0,0.0,none,none,none,none,outside Wanghe mine boundary (mine starts at K21+240)
C3,K21+155,K21,7,2022-06-24,-1.0,-0.04,-3.6,1,-3.6,-1.5,-2.6,-1.7,-1.1,-0.3,0.5999999999999999,-1.1,0.8999999999999999,0.9,2.0,-1.1666666666666667,0.7571877794400362,0.19999999999999996,24.0,34.0,7,0.0,0.0,0.0,0.0,0.0,0.0,0.0,0.0,0.0,0.0,none,none,none,none,outside Wanghe mine boundary (mine starts at K21+240)
C3,K21+155,K21,8,2022-07-16,1.1,0.05,-2.5,1,-2.5,-1.0,-3.6,-1.5,-2.6,-1.7,-1.1,-0.3,0.5999999999999999,-1.1,0.8999999999999999,-1.4000000000000001,0.3605551275463984,0.5,22.0,24.0,8,0.0,0.0,0.0,0.0,0.0,0.0,0.0,0.0,0.0,0.0,none,none,none,none,outside Wanghe mine boundary (mine starts at K21+240)
C30,JPK21+060,JPK,6,2022-05-31,1.3,0.04,4.2,1,4.3,0.9,3.0,0.3,2.0999999999999996,-1.1,1.7999999999999998,-1.1,2.9,4.0,4.0,0.03333333333333329,1.0263202878893767,0.6000000000000001,34.0,21.0,6,1.0,1.24,215.0,162.5,11.0,0.75,6.9,0.0,0.0,0.0,shortwall,medium_hard,Mihe,basic_stable,dual-mileage point (ramp mileage belongs to Segment 1)
C30,JPK21+060,JPK,7,2022-06-24,0.4,0.02,4.6,1,4.7,1.3,4.3,0.9,3.0,0.3,2.0999999999999996,-1.1,1.7999999999999998,-1.1,2.9,0.8333333333333334,0.5033222956847163,0.4,24.0,34.0,7,1.0,1.24,215.0,162.5,11.0,0.75,6.9,0.0,0.0,0.0,shortwall,medium_hard,Mihe,basic_stable,dual-mileage point (ramp mileage belongs to Segment 1)
C30,JPK21+060,JPK,8,2022-07-16,-0.1,0.0,4.5,1,4.6,0.4,4.7,1.3,4.3,0.9,3.0,0.3,2.0999999999999996,-1.1,1.7999999999999998,0.8666666666666667,0.45092497528228903,-0.9,22.0,24.0,8,1.0,1.24,215.0,162.5,11.0,0.75,6.9,0.0,0.0,0.0,shortwall,medium_hard,Mihe,basic_stable,dual-mileage point (ramp mileage belongs to Segment 1)
C31,JPK21+060,JPK,6,2022-05-31,-1.7,-0.05,2.0,1,2.0,0.9,3.6999999999999997,-1.2,2.8,-0.9,4.0,3.1,4.9,1.8,1.8,-0.4000000000000002,1.1357816691600546,2.1,34.0,21.0,6,1.0,1.24,215.0,162.5,11.0,0.75,6.9,0.0,0.0,0.0,shortwall,medium_hard,Mihe,basic_stable,
C31,JPK21+060,JPK,7,2022-06-24,0.2,0.01,2.1,1,2.2,-1.7,2.0,0.9,3.6999999999999997,-1.2,2.8,-0.9,4.0,3.1,4.9,-0.6666666666666669,1.379613472438325,-2.6,24.0,34.0,7,1.0,1.24,215.0,162.5,11.0,0.75,6.9,0.0,0.0,0.0,shortwall,medium_hard,Mihe,basic_stable,
C31,JPK21+060,JPK,8,2022-07-16,-0.7,-0.03,1.4,1,1.5,0.2,2.2,-1.7,2.0,0.9,3.6999999999999997,-1.2,2.8,-0.9,4.0,-0.20000000000000018,1.345362404707371,1.9,22.0,24.0,8,1.0,1.24,215.0,162.5,11.0,0.75,6.9,0.0,0.0,0.0,shortwall,medium_hard,Mihe,basic_stable,
C32,JPK21+140,JPK,6,2022-05-31,-0.1,0.0,5.2,1,5.1000000000000005,1.1,5.2,2.0,4.1,-1.0,2.1,1.3,3.1,1.8,1.8,0.7000000000000001,1.5394804318340654,-0.8999999999999999,34.0,21.0,6,1.0,1.24,215.0,162.5,11.0,0.75,6.9,0.0,0.0,0.0,shortwall,medium_hard,Mihe,basic_stable,
C32,JPK21+140,JPK,7,2022-06-24,0.3,0.01,5.5,1,5.4,-0.1,5.1000000000000005,1.1,5.2,2.0,4.1,-1.0,2.1,1.3,3.1,1.0,1.0535653752852738,-1.2000000000000002,24.0,34.0,7,1.0,1.24,215.0,162.5,11.0,0.75,6.9,0.0,0.0,0.0,shortwall,medium_hard,Mihe,basic_stable,
C32,JPK21+140,JPK,8,2022-07-16,1.5,0.07,7.1,1,6.9,0.3,5.4,-0.1,5.1000000000000005,1.1,5.2,2.0,4.1,-1.0,2.1,0.43333333333333335,0.6110100926607785,0.4,22.0,24.0,8,1.0,1.24,215.0,162.5,11.0,0.75,6.9,0.0,0.0,0.0,shortwall,medium_hard,Mihe,basic_stable,
C33,JPK21+180,JPK,6,2022-05-31,2.5,0.07,4.2,1,4.3,1.0,1.7999999999999998,0.5,0.7999999999999999,-1.0,0.29999999999999993,-0.1,1.2999999999999998,1.4,1.4,0.16666666666666663,1.0408329997330663,0.5,34.0,21.0,6,1.0,1.24,215.0,162.5,11.0,0.75,6.9,0.0,0.0,0.0,shortwall,medium_hard,Mihe,basic_stable,
C33,JPK21+180,JPK,7,2022-06-24,0.8,0.03,5.0,1,5.1,2.5,4.3,1.0,1.7999999999999998,0.5,0.7999999999999999,-1.0,0.29999999999999993,-0.1,1.2999999999999998,1.3333333333333333,1.0408329997330663,1.5,24.0,34.0,7,1.0,1.24,215.0,162.5,11.0,0.75,6.9,0.0,0.0,0.0,shortwall,medium_hard,Mihe,basic_stable,
C33,JPK21+180,JPK,8,2022-07-16,1.9,0.09,7.0,1,7.0,0.8,5.1,2.5,4.3,1.0,1.7999999999999998,0.5,0.7999999999999999,-1.0,0.29999999999999993,1.4333333333333333,0.9291573243177568,-1.7,22.0,24.0,8,1.0,1.24,215.0,162.5,11.0,0.75,6.9,0.0,0.0,0.0,shortwall,medium_hard,Mihe,basic_stable,
C34,JPK21+220,JPK,6,2022-05-31,-2.2,-0.06,-2.2,1,-2.3000000000000007,-2.1,-0.10000000000000031,1.9,1.9999999999999998,-1.3,0.09999999999999987,-1.1,1.4,2.5,2.5,-0.5000000000000001,2.1166010488516727,-4.0,34.0,21.0,6,1.0,1.24,215.0,162.5,11.0,0.75,6.9,0.0,0.0,0.0,shortwall,medium_hard,Mihe,basic_stable,
C34,JPK21+220,JPK,7,2022-06-24,-0.8,-0.03,-3.0,1,-3.1000000000000005,-2.2,-2.3000000000000007,-2.1,-0.10000000000000031,1.9,1.9999999999999998,-1.3,0.09999999999999987,-1.1,1.4,-0.8000000000000002,2.3388031127053,-0.10000000000000009,24.0,34.0,7,1.0,1.24,215.0,162.5,11.0,0.75,6.9,0.0,0.0,0.0,shortwall,medium_hard,Mihe,basic_stable,
C34,JPK21+220,JPK,8,2022-07-16,1.6,0.07,-1.4,1,-1.5000000000000007,-0.8,-3.1000000000000005,-2.2,-2.3000000000000007,-2.1,-0.10000000000000031,1.9,1.9999999999999998,-1.3,0.09999999999999987,-1.7000000000000002,0.7810249675906653,1.4000000000000001,22.0,24.0,8,1.0,1.24,215.0,162.5,11.0,0.75,6.9,0.0,0.0,0.0,shortwall,medium_hard,Mihe,basic_stable,
C35,,RAMP,6,2022-05-31,2.8,0.08,10.2,1,10.299999999999999,2.1,7.5,-2.1,5.3999999999999995,0.9,7.5,3.3,6.6,3.3,3.3,0.3,2.1633307652783937,4.2,34.0,21.0,6,1.0,1.24,215.0,162.5,11.0,0.75,6.9,0.0,0.0,0.0,shortwall,medium_hard,Interchange(Wanghe/Mihe/Shuanglou),basic_stable,
C35,,RAMP,7,2022-06-24,-0.6,-0.02,9.6,1,9.7,2.8,10.299999999999999,2.1,7.5,-2.1,5.3999999999999995,0.9,7.5,3.3,6.6,0.9333333333333332,2.650157228040128,0.6999999999999997,24.0,34.0,7,1.0,1.24,215.0,162.5,11.0,0.75,6.9,0.0,0.0,0.0,shortwall,medium_hard,Interchange(Wanghe/Mihe/Shuanglou),basic_stable,
C35,,RAMP,8,2022-07-16,1.4,0.06,11.0,1,11.1,-0.6,9.7,2.8,10.299999999999999,2.1,7.5,-2.1,5.3999999999999995,0.9,7.5,1.4333333333333336,1.7953644012660315,-3.4,22.0,24.0,8,1.0,1.24,215.0,162.5,11.0,0.75,6.9,0.0,0.0,0.0,shortwall,medium_hard,Interchange(Wanghe/Mihe/Shuanglou),basic_stable,
C36,,RAMP,6,2022-05-31,-1.1,-0.03,-3.2,1,-3.1,-2.9,-2.0,-2.0,0.8999999999999999,-0.9,2.9,3.0,3.8,0.8,0.8,-1.9333333333333336,1.0016652800877812,-0.8999999999999999,34.0,21.0,6,1.0,1.24,215.0,162.5,11.0,0.75,6.9,0.0,0.0,0.0,shortwall,medium_hard,Interchange(Wanghe/Mihe/Shuanglou),basic_stable,
C36,,RAMP,7,2022-06-24,-0.9,-0.04,-4.1,1,-4.0,-1.1,-3.1,-2.9,-2.0,-2.0,0.8999999999999999,-0.9,2.9,3.0,3.8,-2.0,0.9,1.7999999999999998,24.0,34.0,7,1.0,1.24,215.0,162.5,11.0,0.75,6.9,0.0,0.0,0.0,shortwall,medium_hard,Interchange(Wanghe/Mihe/Shuanglou),basic_stable,
C36,,RAMP,8,2022-07-16,-0.9,-0.04,-5.0,1,-4.9,-0.9,-4.0,-1.1,-3.1,-2.9,-2.0,-2.0,0.8999999999999999,-0.9,2.9,-1.6333333333333335,1.1015141094572205,0.20000000000000007,22.0,24.0,8,1.0,1.24,215.0,162.5,11.0,0.75,6.9,0.0,0.0,0.0,shortwall,medium_hard,Interchange(Wanghe/Mihe/Shuanglou),basic_stable,
C37,,RAMP,6,2022-05-31,-2.2,-0.06,-3.2,1,-3.2,-0.9,-1.0,-0.2,-0.09999999999999992,-3.9,0.10000000000000009,2.9,4.0,1.1,1.1,-1.6666666666666667,1.965536398374076,-0.7,34.0,21.0,6,1.0,1.24,215.0,162.5,11.0,0.75,6.9,0.0,0.0,0.0,shortwall,medium_hard,Interchange(Wanghe/Mihe/Shuanglou),basic_stable,
C37,,RAMP,7,2022-06-24,1.6,0.07,-1.6,1,-1.6,-2.2,-3.2,-0.9,-1.0,-0.2,-0.09999999999999992,-3.9,0.10000000000000009,2.9,4.0,-1.1000000000000003,1.0148891565092222,-1.3000000000000003,24.0,34.0,7,1.0,1.24,215.0,162.5,11.0,0.75,6.9,0.0,0.0,0.0,shortwall,medium_hard,Interchange(Wanghe/Mihe/Shuanglou),basic_stable,
C37,,RAMP,8,2022-07-16,-2.0,-0.09,-3.6,1,-3.6,1.6,-1.6,-2.2,-3.2,-0.9,-1.0,-0.2,-0.09999999999999992,-3.9,0.10000000000000009,-0.5000000000000001,1.931320791582797,3.8000000000000003,22.0,24.0,8,1.0,1.24,215.0,162.5,11.0,0.75,6.9,0.0,0.0,0.0,shortwall,medium_hard,Interchange(Wanghe/Mihe/Shuanglou),basic_stable,
C38,K22+890,K22,6,2022-05-31,0.1,0.0,-6.0,1,-6.0,-2.0,-6.1,-1.2,-4.1,-3.9,-2.9,0.1,1.0,0.9,0.9,-2.3666666666666667,1.3868429375143145,-0.8,34.0,21.0,6,1.0,1.24,215.0,162.5,11.0,0.75,6.9,0.0,0.0,0.0,shortwall,medium_hard,Mihe,basic_stable,
C38,K22+890,K22,7,2022-06-24,-1.3,-0.06,-7.3,1,-7.3,0.1,-6.0,-2.0,-6.1,-1.2,-4.1,-3.9,-2.9,0.1,1.0,-1.0333333333333334,1.05987420637231,2.1,24.0,34.0,7,1.0,1.24,215.0,162.5,11.0,0.75,6.9,0.0,0.0,0.0,shortwall,medium_hard,Mihe,basic_stable,
C38,K22+890,K22,8,2022-07-16,-0.5,-0.02,-7.8,1,-7.8,-1.3,-7.3,0.1,-6.0,-2.0,-6.1,-1.2,-4.1,-3.9,-2.9,-1.0666666666666667,1.0692676621563628,-1.4000000000000001,22.0,24.0,8,1.0,1.24,215.0,162.5,11.0,0.75,6.9,0.0,0.0,0.0,shortwall,medium_hard,Mihe,basic_stable,
C39,K23+000,K23,6,2022-05-31,-3.4,-0.1,0.9,1,0.7999999999999998,0.8,4.2,1.5,3.4,-0.7,1.9,1.7,2.6,0.9,0.9,0.5333333333333333,1.1239810200058244,-0.7,34.0,21.0,6,1.0,1.24,215.0,162.5,11.0,0.75,6.9,0.0,0.0,0.0,shortwall,medium_hard,Mihe,basic_stable,
C39,K23+000,K23,7,2022-06-24,-2.1,-0.09,-1.3,1,-1.3000000000000003,-3.4,0.7999999999999998,0.8,4.2,1.5,3.4,-0.7,1.9,1.7,2.6,-0.3666666666666667,2.6501572280401278,-4.2,24.0,34.0,7,1.0,1.24,215.0,162.5,11.0,0.75,6.9,0.0,0.0,0.0,shortwall,medium_hard,Mihe,basic_stable,
C39,K23+000,K23,8,2022-07-16,0.2,0.01,-1.1,1,-1.1000000000000003,-2.1,-1.3000000000000003,-3.4,0.7999999999999998,0.8,4.2,1.5,3.4,-0.7,1.9,-1.5666666666666664,2.1501937897160186,1.2999999999999998,22.0,24.0,8,1.0,1.24,215.0,162.5,11.0,0.75,6.9,0.0,0.0,0.0,shortwall,medium_hard,Mihe,basic_stable,
C4,K21+400,K21,6,2022-05-31,-1.0,-0.03,-4.5,1,-4.5,-1.7,-3.5,-1.3,-1.7999999999999998,-1.2,-0.4999999999999998,2.1,0.7000000000000002,-1.4,-1.4,-1.4000000000000001,0.2645751311064588,-0.3999999999999999,34.0,21.0,6,0.0,0.0,0.0,0.0,0.0,0.0,0.0,0.0,0.0,0.0,none,none,Wanghe,none,outside goaf segments; no goaf beneath the route
C4,K21+400,K21,7,2022-06-24,-1.7,-0.07,-6.1,1,-6.199999999999999,-1.0,-4.5,-1.7,-3.5,-1.3,-1.7999999999999998,-1.2,-0.4999999999999998,2.1,0.7000000000000002,-1.3333333333333333,0.3511884584284245,0.7,24.0,34.0,7,0.0,0.0,0.0,0.0,0.0,0.0,0.0,0.0,0.0,0.0,none,none,Wanghe,none,outside goaf segments; no goaf beneath the route
C4,K21+400,K21,8,2022-07-16,-1.8,-0.08,-8.0,1,-8.0,-1.7,-6.199999999999999,-1.0,-4.5,-1.7,-3.5,-1.3,-1.7999999999999998,-1.2,-0.4999999999999998,-1.4666666666666668,0.40414518843273783,-0.7,22.0,24.0,8,0.0,0.0,0.0,0.0,0.0,0.0,0.0,0.0,0.0,0.0,none,none,Wanghe,none,outside goaf segments; no goaf beneath the route
C40,K23+050,K23,6,2022-05-31,0.8,0.02,2.9,1,3.0,0.8,2.2,2.6,1.4000000000000001,-1.9,-1.2,-0.3,0.7,1.0,1.0,0.5000000000000001,2.264950330581225,-1.8,34.0,21.0,6,1.0,1.24,125.0,94.5,11.0,0.6,11.9,6.5,12.5,0.0,room_and_pillar,medium_hard,Mihe,stable,
C40,K23+050,K23,7,2022-06-24,-0.8,-0.03,2.1,1,2.2,0.8,3.0,0.8,2.2,2.6,1.4000000000000001,-1.9,-1.2,-0.3,0.7,1.4000000000000001,1.0392304845413265,0.0,24.0,34.0,7,1.0,1.24,125.0,94.5,11.0,0.6,11.9,6.5,12.5,0.0,room_and_pillar,medium_hard,Mihe,stable,
C40,K23+050,K23,8,2022-07-16,-0.1,0.0,2.0,1,2.1,-0.8,2.2,0.8,3.0,0.8,2.2,2.6,1.4000000000000001,-1.9,-1.2,0.2666666666666666,0.9237604307034011,-1.6,22.0,24.0,8,1.0,1.24,125.0,94.5,11.0,0.6,11.9,6.5,12.5,0.0,room_and_pillar,medium_hard,Mihe,stable,
C41,K23+080,K23,6,2022-05-31,-1.9,-0.06,-0.7,1,-0.6999999999999997,1.1,1.2000000000000002,2.0,0.10000000000000009,-1.9,-1.9,-0.7,0.0,0.7,0.7,0.4000000000000001,2.0420577856662137,-0.8999999999999999,34.0,21.0,6,1.0,1.24,125.0,94.5,11.0,0.6,11.9,6.5,12.5,0.0,room_and_pillar,medium_hard,Mihe,stable,
C41,K23+080,K23,7,2022-06-24,-0.7,-0.03,-1.4,1,-1.3999999999999997,-1.9,-0.6999999999999997,1.1,1.2000000000000002,2.0,0.10000000000000009,-1.9,-1.9,-0.7,0.0,0.4000000000000001,2.0420577856662137,-3.0,24.0,34.0,7,1.0,1.24,125.0,94.5,11.0,0.6,11.9,6.5,12.5,0.0,room_and_pillar,medium_hard,Mihe,stable,
C41,K23+080,K23,8,2022-07-16,-1.8,-0.08,-3.1,1,-3.1999999999999997,-0.7,-1.3999999999999997,-1.9,-0.6999999999999997,1.1,1.2000000000000002,2.0,0.10000000000000009,-1.9,-1.9,-0.49999999999999994,1.5099668870541498,1.2,22.0,24.0,8,1.0,1.24,125.0,94.5,11.0,0.6,11.9,6.5,12.5,0.0,room_and_pillar,medium_hard,Mihe,stable,
C42,K23+120,K23,6,2022-05-31,-2.1,-0.06,-5.5,1,-5.500000000000001,1.1,-3.4000000000000004,1.3,-4.500000000000001,-2.2,-5.800000000000001,-4.4,-3.6000000000000005,0.8,0.8,0.06666666666666665,1.965536398374076,-0.19999999999999996,34.0,21.0,6,1.0,1.24,125.0,94.5,11.0,0.6,11.9,6.5,12.5,0.0,room_and_pillar,medium_hard,Mihe,stable,
C42,K23+120,K23,7,2022-06-24,0.8,0.03,-4.7,1,-4.700000000000001,-2.1,-5.500000000000001,1.1,-3.4000000000000004,1.3,-4.500000000000001,-2.2,-5.800000000000001,-4.4,-3.6000000000000005,0.10000000000000009,1.9078784028338915,-3.2,24.0,34.0,7,1.0,1.24,125.0,94.5,11.0,0.6,11.9,6.5,12.5,0.0,room_and_pillar,medium_hard,Mihe,stable,
C42,K23+120,K23,8,2022-07-16,-1.2,-0.05,-5.9,1,-5.9,0.8,-4.700000000000001,-2.1,-5.500000000000001,1.1,-3.4000000000000004,1.3,-4.500000000000001,-2.2,-5.800000000000001,-0.06666666666666658,1.7672954855748753,2.9000000000000004,22.0,24.0,8,1.0,1.24,125.0,94.5,11.0,0.6,11.9,6.5,12.5,0.0,room_and_pillar,medium_hard,Mihe,stable,
C43,K23+190,K23,6,2022-05-31,3.5,0.1,2.5,1,2.4000000000000004,0.8,-1.0999999999999999,2.5,-1.9,-2.0,-4.4,-3.9,-2.4,1.5,1.5,0.43333333333333335,2.272296928953902,-1.7,34.0,21.0,6,1.0,1.24,125.0,94.5,11.0,0.6,11.9,6.5,12.5,0.0,room_and_pillar,medium_hard,Mihe,stable,
C43,K23+190,K23,7,2022-06-24,-1.2,-0.05,1.3,1,1.2000000000000004,3.5,2.4000000000000004,0.8,-1.0999999999999999,2.5,-1.9,-2.0,-4.4,-3.9,-2.4,2.2666666666666666,1.3650396819628856,2.7,24.0,34.0,7,1.0,1.24,125.0,94.5,11.0,0.6,11.9,6.5,12.5,0.0,room_and_pillar,medium_hard,Mihe,stable,
C43,K23+190,K23,8,2022-07-16,1.4,0.07,2.7,1,2.6000000000000005,-1.2,1.2000000000000004,3.5,2.4000000000000004,0.8,-1.0999999999999999,2.5,-1.9,-2.0,-4.4,1.0333333333333332,2.3586719427112657,-4.7,22.0,24.0,8,1.0,1.24,125.0,94.5,11.0,0.6,11.9,6.5,12.5,0.0,room_and_pillar,medium_hard,Mihe,stable,
C44,K23+260,K23,6,2022-05-31,0.4,0.01,1.9,1,1.9,1.0,1.5,0.8,0.5,-1.6,-0.30000000000000004,0.5,1.3,0.8,0.8,0.06666666666666665,1.446835627614047,0.19999999999999996,34.0,21.0,6,1.0,1.24,125.0,94.5,11.0,0.6,11.9,6.5,12.5,0.0,room_and_pillar,medium_hard,Mihe,stable,
C44,K23+260,K23,7,2022-06-24,-0.4,-0.02,1.5,1,1.5,0.4,1.9,1.0,1.5,0.8,0.5,-1.6,-0.30000000000000004,0.5,1.3,0.7333333333333334,0.3055050463303897,-0.6,24.0,34.0,7,1.0,1.24,125.0,94.5,11.0,0.6,11.9,6.5,12.5,0.0,room_and_pillar,medium_hard,Mihe,stable,
C44,K23+260,K23,8,2022-07-16,1.2,0.05,2.7,1,2.7,-0.4,1.5,0.4,1.9,1.0,1.5,0.8,0.5,-1.6,-0.30000000000000004,0.3333333333333333,0.7023769168568494,-0.8,22.0,24.0,8,1.0,1.24,125.0,94.5,11.0,0.6,11.9,6.5,12.5,0.0,room_and_pillar,medium_hard,Mihe,stable,
C45,K23+320,K23,6,2022-05-31,3.2,0.09,3.0,1,3.0,1.1,-0.19999999999999996,-0.1,-1.3,-1.7,-1.2,0.1,0.5,0.4,0.4,-0.2333333333333333,1.4047538337136984,1.2000000000000002,34.0,21.0,6,1.0,1.24,125.0,94.5,11.0,0.6,11.9,6.5,12.5,0.0,room_and_pillar,medium_hard,Mihe,stable,
C45,K23+320,K23,7,2022-06-24,-1.6,-0.07,1.4,1,1.4,3.2,3.0,1.1,-0.19999999999999996,-0.1,-1.3,-1.7,-1.2,0.1,0.5,1.4000000000000001,1.6703293088490065,2.1,24.0,34.0,7,1.0,1.24,125.0,94.5,11.0,0.6,11.9,6.5,12.5,0.0,room_and_pillar,medium_hard,Mihe,stable,
C45,K23+320,K23,8,2022-07-16,-0.7,-0.03,0.7,1,0.7,-1.6,1.4,3.2,3.0,1.1,-0.19999999999999996,-0.1,-1.3,-1.7,-1.2,0.8999999999999999,2.406241883103193,-4.800000000000001,22.0,24.0,8,1.0,1.24,125.0,94.5,11.0,0.6,11.9,6.5,12.5,0.0,room_and_pillar,medium_hard,Mihe,stable,
C46,K23+400,K23,6,2022-05-31,-0.3,-0.01,-2.0,1,-1.9000000000000001,1.1,-1.6,1.0,-2.7,-2.2,-3.7,-0.3,-1.5,-1.2,-1.2,-0.03333333333333336,1.877054430040145,0.10000000000000009,34.0,21.0,6,1.0,3.49,125.0,37.0,11.0,0.5,51.9,6.5,12.5,0.0,room_and_pillar,weak,Mihe,unstable,"double-seam goaf (Yi-1 room&pillar + Er-1 room&pillar); Er-1 layer governs: weak overburden, class unstable"
C46,K23+400,K23,7,2022-06-24,0.4,0.02,-1.6,1,-1.5,-0.3,-1.9000000000000001,1.1,-1.6,1.0,-2.7,-2.2,-3.7,-0.3,-1.5,0.6,0.7810249675906653,-1.4000000000000001,24.0,34.0,7,1.0,3.49,125.0,37.0,11.0,0.5,51.9,6.5,12.5,0.0,room_and_pillar,weak,Mihe,unstable,"double-seam goaf (Yi-1 room&pillar + Er-1 room&pillar); Er-1 layer governs: weak overburden, class unstable"
C46,K23+400,K23,8,2022-07-16,-1.6,-0.07,-3.2,1,-3.1,0.4,-1.5,-0.3,-1.9000000000000001,1.1,-1.6,1.0,-2.7,-2.2,-3.7,0.4000000000000001,0.6999999999999998,0.7,22.0,24.0,8,1.0,3.49,125.0,37.0,11.0,0.5,51.9,6.5,12.5,0.0,room_and_pillar,weak,Mihe,unstable,"double-seam goaf (Yi-1 room&pillar + Er-1 room&pillar); Er-1 layer governs: weak overburden, class unstable"
C47,K23+450,K23,6,2022-05-31,-0.9,-0.03,0.4,1,0.6,1.0,1.5,0.0,0.5,-1.6,0.5,1.8,2.1,0.3,0.3,-0.20000000000000004,1.3114877048604006,1.0,34.0,21.0,6,1.0,3.49,125.0,37.0,11.0,0.5,51.9,6.5,12.5,0.0,room_and_pillar,weak,Mihe,unstable,"double-seam goaf (Yi-1 room&pillar + Er-1 room&pillar); Er-1 layer governs: weak overburden, class unstable"
C47,K23+450,K23,7,2022-06-24,1.4,0.06,1.9,1,2.0,-0.9,0.6,1.0,1.5,0.0,0.5,-1.6,0.5,1.8,2.1,0.033333333333333326,0.9504384952922174,-1.9,24.0,34.0,7,1.0,3.49,125.0,37.0,11.0,0.5,51.9,6.5,12.5,0.0,room_and_pillar,weak,Mihe,unstable,"double-seam goaf (Yi-1 room&pillar + Er-1 room&pillar); Er-1 layer governs: weak overburden, class unstable"
C47,K23+450,K23,8,2022-07-16,-0.1,-0.01,1.7,1,1.9,1.4,2.0,-0.9,0.6,1.0,1.5,0.0,0.5,-1.6,0.5,0.5,1.2288205727444512,2.3,22.0,24.0,8,1.0,3.49,125.0,37.0,11.0,0.5,51.9,6.5,12.5,0.0,room_and_pillar,weak,Mihe,unstable,"double-seam goaf (Yi-1 room&pillar + Er-1 room&pillar); Er-1 layer governs: weak overburden, class unstable"
C48,K23+500,K23,6,2022-05-31,-1.2,-0.04,-2.0,1,-2.0,1.0,-0.8000000000000003,-1.1,-1.8000000000000003,-2.0,-0.7000000000000002,0.7,1.2999999999999998,0.6,0.6,-0.7000000000000001,1.5394804318340654,2.1,34.0,21.0,6,1.0,3.49,125.0,37.0,11.0,0.5,51.9,6.5,12.5,0.0,room_and_pillar,weak,Mihe,unstable,"double-seam goaf (Yi-1 room&pillar + Er-1 room&pillar); Er-1 layer governs: weak overburden, class unstable"
C48,K23+500,K23,7,2022-06-24,1.2,0.05,-0.8,1,-0.8000000000000003,-1.2,-2.0,1.0,-0.8000000000000003,-1.1,-1.8000000000000003,-2.0,-0.7000000000000002,0.7,1.2999999999999998,-0.43333333333333335,1.242309676905615,-2.2,24.0,34.0,7,1.0,3.49,125.0,37.0,11.0,0.5,51.9,6.5,12.5,0.0,room_and_pillar,weak,Mihe,unstable,"double-seam goaf (Yi-1 room&pillar + Er-1 room&pillar); Er-1 layer governs: weak overburden, class unstable"
C48,K23+500,K23,8,2022-07-16,-2.0,-0.09,-2.8,1,-2.8000000000000003,1.2,-0.8000000000000003,-1.2,-2.0,1.0,-0.8000000000000003,-1.1,-1.8000000000000003,-2.0,-0.7000000000000002,0.3333333333333333,1.3316656236958788,2.4,22.0,24.0,8,1.0,3.49,125.0,37.0,11.0,0.5,51.9,6.5,12.5,0.0,room_and_pillar,weak,Mihe,unstable,"double-seam goaf (Yi-1 room&pillar + Er-1 room&pillar); Er-1 layer governs: weak overburden, class unstable"
C49,K22+840,K22,6,2022-05-31,-3.0,-0.09,-5.3,1,-5.2,1.0,-2.2,-0.3,-3.1999999999999997,-1.5,-2.9,-0.2,-1.4,-1.2,-1.2,-0.26666666666666666,1.2503332889007366,1.3,34.0,21.0,6,1.0,1.24,215.0,162.5,11.0,0.75,6.9,0.0,0.0,0.0,shortwall,medium_hard,Mihe,basic_stable,
C49,K22+840,K22,7,2022-06-24,1.7,0.07,-3.6,1,-3.5,-3.0,-5.2,1.0,-2.2,-0.3,-3.1999999999999997,-1.5,-2.9,-0.2,-1.4,-0.7666666666666666,2.040424792373719,-4.0,24.0,34.0,7,1.0,1.24,215.0,162.5,11.0,0.75,6.9,0.0,0.0,0.0,shortwall,medium_hard,Mihe,basic_stable,
C49,K22+840,K22,8,2022-07-16,1.2,0.06,-2.3,1,-2.3000000000000003,1.7,-3.5,-3.0,-5.2,1.0,-2.2,-0.3,-3.1999999999999997,-1.5,-2.9,-0.09999999999999994,2.535744466621193,4.7,22.0,24.0,8,1.0,1.24,215.0,162.5,11.0,0.75,6.9,0.0,0.0,0.0,shortwall,medium_hard,Mihe,basic_stable,
C5,K21+470,K21,6,2022-05-31,-1.4,-0.04,-5.5,1,-5.5,-2.0,-4.1,-0.9,-2.1,-1.0,-1.2000000000000002,0.7,-0.20000000000000007,-0.9,-0.9,-1.3,0.6082762530298219,-1.1,34.0,21.0,6,0.0,0.0,0.0,0.0,0.0,0.0,0.0,0.0,0.0,0.0,none,none,Wanghe,none,outside goaf segments; no goaf beneath the route
C5,K21+470,K21,7,2022-06-24,-0.6,-0.02,-6.1,1,-6.1,-1.4,-5.5,-2.0,-4.1,-0.9,-2.1,-1.0,-1.2000000000000002,0.7,-0.20000000000000007,-1.4333333333333336,0.5507570547286101,0.6000000000000001,24.0,34.0,7,0.0,0.0,0.0,0.0,0.0,0.0,0.0,0.0,0.0,0.0,none,none,Wanghe,none,outside goaf segments; no goaf beneath the route
C5,K21+470,K21,8,2022-07-16,-1.1,-0.05,-7.2,1,-7.2,-0.6,-6.1,-1.4,-5.5,-2.0,-4.1,-0.9,-2.1,-1.0,-1.2000000000000002,-1.3333333333333333,0.7023769168568492,0.7999999999999999,22.0,24.0,8,0.0,0.0,0.0,0.0,0.0,0.0,0.0,0.0,0.0,0.0,none,none,Wanghe,none,outside goaf segments; no goaf beneath the route
C50,K22+800,K22,6,2022-05-31,-0.8,-0.02,-6.4,1,-6.300000000000001,-1.8,-5.5,-2.7,-3.7,-2.4,-1.0,0.0,1.4,1.4,1.4,-2.3000000000000003,0.45825756949558316,0.9000000000000001,34.0,21.0,6,1.0,1.24,215.0,162.5,11.0,0.75,6.9,0.0,0.0,0.0,shortwall,medium_hard,Mihe,basic_stable,
C50,K22+800,K22,7,2022-06-24,1.9,0.08,-4.4,1,-4.4,-0.8,-6.300000000000001,-1.8,-5.5,-2.7,-3.7,-2.4,-1.0,0.0,1.4,-1.7666666666666666,0.9504384952922167,1.0,24.0,34.0,7,1.0,1.24,215.0,162.5,11.0,0.75,6.9,0.0,0.0,0.0,shortwall,medium_hard,Mihe,basic_stable,
C50,K22+800,K22,8,2022-07-16,-1.8,-0.08,-6.2,1,-6.2,1.9,-4.4,-0.8,-6.300000000000001,-1.8,-5.5,-2.7,-3.7,-2.4,-1.0,-0.2333333333333334,1.9139836293274126,2.7,22.0,24.0,8,1.0,1.24,215.0,162.5,11.0,0.75,6.9,0.0,0.0,0.0,shortwall,medium_hard,Mihe,basic_stable,
C51,K22+790,K22,6,2022-05-31,-2.1,-0.06,-10.2,1,-10.3,-3.0,-8.2,-2.4,-5.199999999999999,-2.3,-2.8,-0.4,-0.5,-0.1,-0.1,-2.5666666666666664,0.37859388972001895,-0.6000000000000001,34.0,21.0,6,1.0,1.24,215.0,162.5,11.0,0.75,6.9,0.0,0.0,0.0,shortwall,medium_hard,Mihe,basic_stable,
C51,K22+790,K22,7,2022-06-24,1.7,0.07,-8.5,1,-8.6,-2.1,-10.3,-3.0,-8.2,-2.4,-5.199999999999999,-2.3,-2.8,-0.4,-0.5,-2.5,0.4582575694955845,0.8999999999999999,24.0,34.0,7,1.0,1.24,215.0,162.5,11.0,0.75,6.9,0.0,0.0,0.0,shortwall,medium_hard,Mihe,basic_stable,
C51,K22+790,K22,8,2022-07-16,0.6,0.03,-8.0,1,-8.0,1.7,-8.6,-2.1,-10.3,-3.0,-8.2,-2.4,-5.199999999999999,-2.3,-2.8,-1.1333333333333335,2.4946609656090213,3.8,22.0,24.0,8,1.0,1.24,215.0,162.5,11.0,0.75,6.9,0.0,0.0,0.0,shortwall,medium_hard,Mihe,basic_stable,
C52,K22+750,K22,6,2022-05-31,1.1,0.03,1.7,1,1.6000000000000003,1.1,0.5000000000000002,1.4,-0.5999999999999999,-2.3,-1.9999999999999998,0.3,0.3,0.0,0.0,0.06666666666666672,2.0550750189064466,-0.2999999999999998,34.0,21.0,6,1.0,1.24,215.0,162.5,11.0,0.75,6.9,0.0,0.0,0.0,shortwall,medium_hard,Mihe,basic_stable,dual-mileage point (ramp mileage belongs to Segment 1)
C52,K22+750,K22,7,2022-06-24,2.1,0.09,3.8,1,3.7,1.1,1.6000000000000003,1.1,0.5000000000000002,1.4,-0.5999999999999999,-2.3,-1.9999999999999998,0.3,0.3,1.2,0.1732050807568876,0.0,24.0,34.0,7,1.0,1.24,215.0,162.5,11.0,0.75,6.9,0.0,0.0,0.0,shortwall,medium_hard,Mihe,basic_stable,dual-mileage point (ramp mileage belongs to Segment 1)
C52,K22+750,K22,8,2022-07-16,-1.3,-0.06,2.5,1,2.4000000000000004,2.1,3.7,1.1,1.6000000000000003,1.1,0.5000000000000002,1.4,-0.5999999999999999,-2.3,-1.9999999999999998,1.4333333333333336,0.5773502691896258,1.0,22.0,24.0,8,1.0,1.24,215.0,162.5,11.0,0.75,6.9,0.0,0.0,0.0,shortwall,medium_hard,Mihe,basic_stable,dual-mileage point (ramp mileage belongs to Segment 1)
C53,K22+750,K22,6,2022-05-31,-3.2,-0.09,-10.3,1,-10.3,-1.1,-7.1,-1.7,-6.0,-3.4,-4.3,-0.1,-0.9,-0.8,-0.8,-2.0666666666666664,1.1930353445448854,0.5999999999999999,34.0,21.0,6,1.0,1.24,215.0,162.5,11.0,0.75,6.9,0.0,0.0,0.0,shortwall,medium_hard,Mihe,basic_stable,
C53,K22+750,K22,7,2022-06-24,-1.5,-0.06,-11.8,1,-11.8,-3.2,-10.3,-1.1,-7.1,-1.7,-6.0,-3.4,-4.3,-0.1,-0.9,-2.0,1.0816653826391969,-2.1,24.0,34.0,7,1.0,1.24,215.0,162.5,11.0,0.75,6.9,0.0,0.0,0.0,shortwall,medium_hard,Mihe,basic_stable,
C53,K22+750,K22,8,2022-07-16,-0.4,-0.02,-12.2,1,-12.2,-1.5,-11.8,-3.2,-10.3,-1.1,-7.1,-1.7,-6.0,-3.4,-4.3,-1.9333333333333333,1.1150485789118487,1.7000000000000002,22.0,24.0,8,1.0,1.24,215.0,162.5,11.0,0.75,6.9,0.0,0.0,0.0,shortwall,medium_hard,Mihe,basic_stable,
C54,K22+590,K22,6,2022-05-31,-2.5,-0.07,-2.0,1,-2.0000000000000004,-1.1,0.49999999999999956,1.9,1.5999999999999996,-1.6,-0.30000000000000027,2.8,1.2999999999999998,-1.5,-1.5,-0.2666666666666668,1.8929694486000912,-3.0,34.0,21.0,6,1.0,1.24,215.0,162.5,11.0,0.75,6.9,0.0,0.0,0.0,shortwall,medium_hard,Mihe,basic_stable,
C54,K22+590,K22,7,2022-06-24,-2.2,-0.09,-4.2,1,-4.200000000000001,-2.5,-2.0000000000000004,-1.1,0.49999999999999956,1.9,1.5999999999999996,-1.6,-0.30000000000000027,2.8,1.2999999999999998,-0.5666666666666668,2.2479620400116485,-1.4,24.0,34.0,7,1.0,1.24,215.0,162.5,11.0,0.75,6.9,0.0,0.0,0.0,shortwall,medium_hard,Mihe,basic_stable,
C54,K22+590,K22,8,2022-07-16,1.4,0.06,-2.8,1,-2.8000000000000007,-2.2,-4.200000000000001,-2.5,-2.0000000000000004,-1.1,0.49999999999999956,1.9,1.5999999999999996,-1.6,-0.30000000000000027,-1.9333333333333336,0.7371114795831989,0.2999999999999998,22.0,24.0,8,1.0,1.24,215.0,162.5,11.0,0.75,6.9,0.0,0.0,0.0,shortwall,medium_hard,Mihe,basic_stable,
C55,JPK20+650,JPK,6,2022-05-31,-2.0,-0.06,2.2,1,2.1000000000000005,1.0,4.1000000000000005,2.2,3.1000000000000005,-2.3,0.9000000000000004,2.1,3.2,1.1,1.1,0.3000000000000001,2.3302360395462083,-1.2000000000000002,34.0,21.0,6,1.0,1.24,215.0,162.5,11.0,0.75,6.9,0.0,0.0,0.0,shortwall,medium_hard,Mihe,basic_stable,
C55,JPK20+650,JPK,7,2022-06-24,-0.1,-0.01,2.1,1,2.0000000000000004,-2.0,2.1000000000000005,1.0,4.1000000000000005,2.2,3.1000000000000005,-2.3,0.9000000000000004,2.1,3.2,0.4000000000000001,2.1633307652783937,-3.0,24.0,34.0,7,1.0,1.24,215.0,162.5,11.0,0.75,6.9,0.0,0.0,0.0,shortwall,medium_hard,Mihe,basic_stable,
C55,JPK20+650,JPK,8,2022-07-16,-0.2,-0.01,1.9,1,1.8000000000000005,-0.1,2.0000000000000004,-2.0,2.1000000000000005,1.0,4.1000000000000005,2.2,3.1000000000000005,-2.3,0.9000000000000004,-0.3666666666666667,1.517673658377628,1.9,22.0,24.0,8,1.0,1.24,215.0,162.5,11.0,0.75,6.9,0.0,0.0,0.0,shortwall,medium_hard,Mihe,basic_stable,
C56,K22+520,K22,6,2022-05-31,-2.1,-0.06,-8.6,1,-8.7,-2.9,-6.6,-3.2,-3.7,-3.6,-0.5,1.9,3.0999999999999996,1.2,1.2,-3.233333333333334,0.35118845842842356,0.30000000000000027,34.0,21.0,6,1.0,1.24,215.0,162.5,11.0,0.75,6.9,0.0,0.0,0.0,shortwall,medium_hard,Mihe,basic_stable,
C56,K22+520,K22,7,2022-06-24,1.2,0.05,-7.4,1,-7.5,-2.1,-8.7,-2.9,-6.6,-3.2,-3.7,-3.6,-0.5,1.9,3.0999999999999996,-2.733333333333333,0.5686240703077321,0.7999999999999998,24.0,34.0,7,1.0,1.24,215.0,162.5,11.0,0.75,6.9,0.0,0.0,0.0,shortwall,medium_hard,Mihe,basic_stable,
C56,K22+520,K22,8,2022-07-16,0.6,0.03,-6.8,1,-6.9,1.2,-7.5,-2.1,-8.7,-2.9,-6.6,-3.2,-3.7,-3.6,-0.5,-1.2666666666666666,2.173323108360405,3.3,22.0,24.0,8,1.0,1.24,215.0,162.5,11.0,0.75,6.9,0.0,0.0,0.0,shortwall,medium_hard,Mihe,basic_stable,
C57,K22+450,K22,6,2022-05-31,-2.1,-0.06,-2.4,1,-2.4,0.9,-0.2999999999999997,-1.4,-1.1999999999999997,-1.9,0.20000000000000018,0.8,2.1,1.3,1.3,-0.7999999999999998,1.493318452306808,2.3,34.0,21.0,6,1.0,1.24,215.0,162.5,11.0,0.75,6.9,0.0,0.0,0.0,shortwall,medium_hard,Wanghe,basic_stable,
C57,K22+450,K22,7,2022-06-24,0.7,0.03,-1.7,1,-1.7,-2.1,-2.4,0.9,-0.2999999999999997,-1.4,-1.1999999999999997,-1.9,0.20000000000000018,0.8,2.1,-0.8666666666666666,1.5695009822658073,-3.0,24.0,34.0,7,1.0,1.24,215.0,162.5,11.0,0.75,6.9,0.0,0.0,0.0,shortwall,medium_hard,Wanghe,basic_stable,
C57,K22+450,K22,8,2022-07-16,-0.5,-0.02,-2.2,1,-2.2,0.7,-1.7,-2.1,-2.4,0.9,-0.2999999999999997,-1.4,-1.1999999999999997,-1.9,0.20000000000000018,-0.16666666666666674,1.6772994167212165,2.8,22.0,24.0,8,1.0,1.24,215.0,162.5,11.0,0.75,6.9,0.0,0.0,0.0,shortwall,medium_hard,Wanghe,basic_stable,
C58,K22+400,K22,6,2022-05-31,1.3,0.04,5.8,1,5.7,1.1,4.4,1.0,3.3000000000000003,-2.1,2.3000000000000003,0.2,4.4,4.2,4.2,7.401486830834377e-17,1.8193405398660252,0.10000000000000009,34.0,21.0,6,1.0,1.24,215.0,162.5,11.0,0.75,6.9,0.0,0.0,0.0,shortwall,medium_hard,Wanghe,basic_stable,
C58,K22+400,K22,7,2022-06-24,1.6,0.06,7.4,1,7.300000000000001,1.3,5.7,1.1,4.4,1.0,3.3000000000000003,-2.1,2.3000000000000003,0.2,4.4,1.1333333333333335,0.1527525231651916,0.19999999999999996,24.0,34.0,7,1.0,1.24,215.0,162.5,11.0,0.75,6.9,0.0,0.0,0.0,shortwall,medium_hard,Wanghe,basic_stable,
C58,K22+400,K22,8,2022-07-16,0.7,0.03,8.1,1,8.0,1.6,7.300000000000001,1.3,5.7,1.1,4.4,1.0,3.3000000000000003,-2.1,2.3000000000000003,1.3333333333333333,0.2516611478423566,0.30000000000000004,22.0,24.0,8,1.0,1.24,215.0,162.5,11.0,0.75,6.9,0.0,0.0,0.0,shortwall,medium_hard,Wanghe,basic_stable,
C59,K22+400,K22,6,2022-05-31,-2.3,-0.07,0.9,1,1.0,1.0,3.3,-0.1,2.3,-1.8,2.4,-0.3,4.2,4.5,4.5,-0.30000000000000004,1.4106735979665885,1.1,34.0,21.0,6,1.0,1.24,215.0,162.5,11.0,0.75,6.9,0.0,0.0,0.0,shortwall,medium_hard,Wanghe,basic_stable,
C59,K22+400,K22,7,2022-06-24,-1.3,-0.05,-0.4,1,-0.30000000000000004,-2.3,1.0,1.0,3.3,-0.1,2.3,-1.8,2.4,-0.3,4.2,-0.4666666666666666,1.6802777548171413,-3.3,24.0,34.0,7,1.0,1.24,215.0,162.5,11.0,0.75,6.9,0.0,0.0,0.0,shortwall,medium_hard,Wanghe,basic_stable,
C59,K22+400,K22,8,2022-07-16,2.0,0.09,1.6,1,1.7,-1.3,-0.30000000000000004,-2.3,1.0,1.0,3.3,-0.1,2.3,-1.8,2.4,-0.8666666666666666,1.6921386861996073,0.9999999999999998,22.0,24.0,8,1.0,1.24,215.0,162.5,11.0,0.75,6.9,0.0,0.0,0.0,shortwall,medium_hard,Wanghe,basic_stable,
C6,K21+470,K21,6,2022-05-31,-0.9,-0.03,0.9,1,0.8999999999999998,-2.1,1.7999999999999998,0.8,3.9000000000000004,-1.1,3.1,3.1,4.2,1.1,1.1,-0.7999999999999999,1.4730919862656238,-2.9000000000000004,34.0,21.0,6,0.0,0.0,0.0,0.0,0.0,0.0,0.0,0.0,0.0,0.0,none,none,Wanghe,none,outside goaf segments; no goaf beneath the route
C6,K21+470,K21,7,2022-06-24,1.9,0.08,2.8,1,2.8,-0.9,0.8999999999999998,-2.1,1.7999999999999998,0.8,3.9000000000000004,-1.1,3.1,3.1,4.2,-0.7333333333333333,1.4571661996262932,1.2000000000000002,24.0,34.0,7,0.0,0.0,0.0,0.0,0.0,0.0,0.0,0.0,0.0,0.0,none,none,Wanghe,none,outside goaf segments; no goaf beneath the route
C6,K21+470,K21,8,2022-07-16,0.4,0.02,3.2,1,3.1999999999999997,1.9,2.8,-0.9,0.8999999999999998,-2.1,1.7999999999999998,0.8,3.9000000000000004,-1.1,3.1,-0.3666666666666667,2.052640575778754,2.8,22.0,24.0,8,0.0,0.0,0.0,0.0,0.0,0.0,0.0,0.0,0.0,0.0,none,none,Wanghe,none,outside goaf segments; no goaf beneath the route
C60,K22+320,K22,6,2022-05-31,4.0,0.12,6.6,1,6.6,0.8,2.6,-0.2,1.8,-1.9,2.0,0.5,3.9,3.4,3.4,-0.4333333333333332,1.3650396819628845,1.0,34.0,21.0,6,1.0,1.24,215.0,162.5,11.0,0.75,6.9,0.0,0.0,0.0,shortwall,medium_hard,Wanghe,basic_stable,dual-mileage point (ramp mileage belongs to Segment 1)
C60,K22+320,K22,7,2022-06-24,0.0,0.0,6.6,1,6.6,4.0,6.6,0.8,2.6,-0.2,1.8,-1.9,2.0,0.5,3.9,1.5333333333333332,2.1939310229205775,3.2,24.0,34.0,7,1.0,1.24,215.0,162.5,11.0,0.75,6.9,0.0,0.0,0.0,shortwall,medium_hard,Wanghe,basic_stable,dual-mileage point (ramp mileage belongs to Segment 1)
C60,K22+320,K22,8,2022-07-16,2.1,0.1,8.7,1,8.7,0.0,6.6,4.0,6.6,0.8,2.6,-0.2,1.8,-1.9,2.0,1.6000000000000003,2.116601048851672,-4.0,22.0,24.0,8,1.0,1.24,215.0,162.5,11.0,0.75,6.9,0.0,0.0,0.0,shortwall,medium_hard,Wanghe,basic_stable,dual-mileage point (ramp mileage belongs to Segment 1)
C61,,RAMP,6,2022-05-31,1.0,0.03,4.2,1,4.1000000000000005,1.1,3.1000000000000005,-2.9,2.0000000000000004,0.9,4.9,0.8,4.0,3.2,3.2,-0.2999999999999999,2.253885533916929,4.0,34.0,21.0,6,1.0,1.24,215.0,162.5,11.0,0.75,6.9,0.0,0.0,0.0,shortwall,medium_hard,Interchange(Wanghe/Mihe/Shuanglou),basic_stable,
C61,,RAMP,7,2022-06-24,-0.3,-0.01,3.9,1,3.8000000000000007,1.0,4.1000000000000005,1.1,3.1000000000000005,-2.9,2.0000000000000004,0.9,4.9,0.8,4.0,-0.2666666666666666,2.281081614790083,-0.10000000000000009,24.0,34.0,7,1.0,1.24,215.0,162.5,11.0,0.75,6.9,0.0,0.0,0.0,shortwall,medium_hard,Interchange(Wanghe/Mihe/Shuanglou),basic_stable,
C61,,RAMP,8,2022-07-16,-1.1,-0.05,2.8,1,2.7,-0.3,3.8000000000000007,1.0,4.1000000000000005,1.1,3.1000000000000005,-2.9,2.0000000000000004,0.9,4.9,0.6,0.7810249675906653,-1.3,22.0,24.0,8,1.0,1.24,215.0,162.5,11.0,0.75,6.9,0.0,0.0,0.0,shortwall,medium_hard,Interchange(Wanghe/Mihe/Shuanglou),basic_stable,
C62,,RAMP,6,2022-05-31,-1.1,-0.03,4.4,1,4.4,0.9,5.5,0.1,4.6,0.7,4.5,0.7,3.8,3.1,3.1,0.5666666666666667,0.41633319989322654,0.8,34.0,21.0,6,1.0,1.24,215.0,162.5,11.0,0.75,6.9,0.0,0.0,0.0,shortwall,medium_hard,Interchange(Wanghe/Mihe/Shuanglou),basic_stable,
C62,,RAMP,7,2022-06-24,2.0,0.08,6.4,1,6.4,-1.1,4.4,0.9,5.5,0.1,4.6,0.7,4.5,0.7,3.8,-0.03333333333333336,1.0066445913694333,-2.0,24.0,34.0,7,1.0,1.24,215.0,162.5,11.0,0.75,6.9,0.0,0.0,0.0,shortwall,medium_hard,Interchange(Wanghe/Mihe/Shuanglou),basic_stable,
C62,,RAMP,8,2022-07-16,-1.2,-0.05,5.2,1,5.2,2.0,6.4,-1.1,4.4,0.9,5.5,0.1,4.6,0.7,4.5,0.6,1.571623364550171,3.1,22.0,24.0,8,1.0,1.24,215.0,162.5,11.0,0.75,6.9,0.0,0.0,0.0,shortwall,medium_hard,Interchange(Wanghe/Mihe/Shuanglou),basic_stable,
C63,JPK20+080,JPK,6,2022-05-31,3.3,0.1,6.4,1,6.3999999999999995,1.2,3.0999999999999996,-2.6,1.9,1.0,4.5,1.5,3.5,2.0,2.0,-0.1333333333333334,2.138535324312725,3.8,34.0,21.0,6,1.0,1.24,215.0,162.5,11.0,0.75,6.9,0.0,0.0,0.0,shortwall,medium_hard,Shuanglou,basic_stable,dual-mileage point (ramp mileage belongs to Segment 1)
C63,JPK20+080,JPK,7,2022-06-24,1.8,0.07,8.2,1,8.2,3.3,6.3999999999999995,1.2,3.0999999999999996,-2.6,1.9,1.0,4.5,1.5,3.5,0.6333333333333332,2.990540642314251,2.0999999999999996,24.0,34.0,7,1.0,1.24,215.0,162.5,11.0,0.75,6.9,0.0,0.0,0.0,shortwall,medium_hard,Shuanglou,basic_stable,dual-mileage point (ramp mileage belongs to Segment 1)
C63,JPK20+080,JPK,8,2022-07-16,-2.2,-0.1,6.0,1,5.999999999999999,1.8,8.2,3.3,6.3999999999999995,1.2,3.0999999999999996,-2.6,1.9,1.0,4.5,2.1,1.0816653826391966,-1.4999999999999998,22.0,24.0,8,1.0,1.24,215.0,162.5,11.0,0.75,6.9,0.0,0.0,0.0,shortwall,medium_hard,Shuanglou,basic_stable,dual-mileage point (ramp mileage belongs to Segment 1)
C64,JPK20+190,JPK,6,2022-05-31,-1.6,-0.05,0.8,1,0.8,0.8,2.4000000000000004,-1.2,1.6,0.8,2.8000000000000003,-0.1,2.0,2.1,2.1,0.13333333333333333,1.1547005383792517,2.0,34.0,21.0,6,1.0,1.24,215.0,162.5,11.0,0.75,6.9,0.0,0.0,0.0,shortwall,medium_hard,Shuanglou,basic_stable,dual-mileage point (ramp mileage belongs to Segment 1)
C64,JPK20+190,JPK,7,2022-06-24,-0.7,-0.03,0.0,1,0.10000000000000009,-1.6,0.8,0.8,2.4000000000000004,-1.2,1.6,0.8,2.8000000000000003,-0.1,2.0,-0.6666666666666666,1.2858201014657273,-2.4000000000000004,24.0,34.0,7,1.0,1.24,215.0,162.5,11.0,0.75,6.9,0.0,0.0,0.0,shortwall,medium_hard,Shuanglou,basic_stable,dual-mileage point (ramp mileage belongs to Segment 1)
C64,JPK20+190,JPK,8,2022-07-16,-1.6,-0.07,-1.6,1,-1.5,-0.7,0.10000000000000009,-1.6,0.8,0.8,2.4000000000000004,-1.2,1.6,0.8,2.8000000000000003,-0.5,1.2124355652982142,0.9000000000000001,22.0,24.0,8,1.0,1.24,215.0,162.5,11.0,0.75,6.9,0.0,0.0,0.0,shortwall,medium_hard,Shuanglou,basic_stable,dual-mileage point (ramp mileage belongs to Segment 1)
C65,JPK20+120,JPK,6,2022-05-31,-1.3,-0.04,-4.3,1,-4.4,0.9,-3.1,-5.0,-4.0,1.4,1.0,-2.6,-0.3999999999999999,2.2,2.2,-0.9,3.5594943461115376,5.9,34.0,21.0,6,1.0,1.24,215.0,162.5,11.0,0.75,6.9,0.0,0.0,0.0,shortwall,medium_hard,Shuanglou,basic_stable,dual-mileage point (ramp mileage belongs to Segment 1)
C65,JPK20+120,JPK,7,2022-06-24,-0.8,-0.03,-5.2,1,-5.2,-1.3,-4.4,0.9,-3.1,-5.0,-4.0,1.4,1.0,-2.6,-0.3999999999999999,-1.7999999999999998,2.981610303175115,-2.2,24.0,34.0,7,1.0,1.24,215.0,162.5,11.0,0.75,6.9,0.0,0.0,0.0,shortwall,medium_hard,Shuanglou,basic_stable,dual-mileage point (ramp mileage belongs to Segment 1)
C65,JPK20+120,JPK,8,2022-07-16,0.2,0.01,-5.0,1,-5.0,-0.8,-5.2,-1.3,-4.4,0.9,-3.1,-5.0,-4.0,1.4,1.0,-0.39999999999999986,1.15325625946708,0.5,22.0,24.0,8,1.0,1.24,215.0,162.5,11.0,0.75,6.9,0.0,0.0,0.0,shortwall,medium_hard,Shuanglou,basic_stable,dual-mileage point (ramp mileage belongs to Segment 1)
C66,JPK19+990,JPK,6,2022-05-31,-0.3,-0.01,1.8,1,1.7000000000000002,0.9,2.0,-3.0,1.1,1.5,4.1,3.1,2.6,-0.5,-0.5,-0.19999999999999998,2.4433583445741234,3.9,34.0,21.0,6,1.0,1.24,215.0,162.5,11.0,0.75,6.9,0.0,0.0,0.0,shortwall,medium_hard,Shuanglou,basic_stable,mine attribution INFERRED (west of ZK4/JPK20+389); needs the mine-boundary plan for confirmation
C66,JPK19+990,JPK,7,2022-06-24,1.3,0.05,3.1,1,3.0,-0.3,1.7000000000000002,0.9,2.0,-3.0,1.1,1.5,4.1,3.1,2.6,-0.7999999999999999,1.9974984355438177,-1.2,24.0,34.0,7,1.0,1.24,215.0,162.5,11.0,0.75,6.9,0.0,0.0,0.0,shortwall,medium_hard,Shuanglou,basic_stable,mine attribution INFERRED (west of ZK4/JPK20+389); needs the mine-boundary plan for confirmation
C66,JPK19+990,JPK,8,2022-07-16,0.9,0.04,3.9,1,3.9000000000000004,1.3,3.0,-0.3,1.7000000000000002,0.9,2.0,-3.0,1.1,1.5,4.1,0.6333333333333333,0.8326663997864533,1.6,22.0,24.0,8,1.0,1.24,215.0,162.5,11.0,0.75,6.9,0.0,0.0,0.0,shortwall,medium_hard,Shuanglou,basic_stable,mine attribution INFERRED (west of ZK4/JPK20+389); needs the mine-boundary plan for confirmation
C67,JPK19+940,JPK,6,2022-05-31,2.8,0.08,2.2,1,2.3,1.0,-0.4999999999999998,-1.7,-1.5,0.9,0.20000000000000007,-1.5,-0.7,0.8,0.8,0.06666666666666665,1.5307950004273378,2.7,34.0,21.0,6,1.0,1.24,215.0,162.5,11.0,0.75,6.9,0.0,0.0,0.0,shortwall,medium_hard,Shuanglou,basic_stable,mine attribution INFERRED (west of ZK4/JPK20+389); needs the mine-boundary plan for confirmation
C67,JPK19+940,JPK,7,2022-06-24,0.0,0.0,2.2,1,2.3,2.8,2.3,1.0,-0.4999999999999998,-1.7,-1.5,0.9,0.20000000000000007,-1.5,-0.7,0.6999999999999998,2.264950330581225,1.7999999999999998,24.0,34.0,7,1.0,1.24,215.0,162.5,11.0,0.75,6.9,0.0,0.0,0.0,shortwall,medium_hard,Shuanglou,basic_stable,mine attribution INFERRED (west of ZK4/JPK20+389); needs the mine-boundary plan for confirmation
C67,JPK19+940,JPK,8,2022-07-16,1.3,0.06,3.5,1,3.5999999999999996,0.0,2.3,2.8,2.3,1.0,-0.4999999999999998,-1.7,-1.5,0.9,0.20000000000000007,1.2666666666666666,1.4189197769195168,-2.8,22.0,24.0,8,1.0,1.24,215.0,162.5,11.0,0.75,6.9,0.0,0.0,0.0,shortwall,medium_hard,Shuanglou,basic_stable,mine attribution INFERRED (west of ZK4/JPK20+389); needs the mine-boundary plan for confirmation
C68,JPK19+880,JPK,6,2022-05-31,0.3,0.01,-0.4,1,-0.39999999999999974,1.1,-0.6999999999999997,-2.3,-1.7999999999999998,1.5,0.5,-2.4,-1.0,1.4,1.4,0.10000000000000009,2.08806130178211,3.4,34.0,21.0,6,1.0,1.24,215.0,162.5,11.0,0.75,6.9,0.0,0.0,0.0,shortwall,medium_hard,Shuanglou,basic_stable,mine attribution INFERRED (west of ZK4/JPK20+389); needs the mine-boundary plan for confirmation
C68,JPK19+880,JPK,7,2022-06-24,-2.1,-0.09,-2.4,1,-2.5,0.3,-0.39999999999999974,1.1,-0.6999999999999997,-2.3,-1.7999999999999998,1.5,0.5,-2.4,-1.0,-0.2999999999999999,1.7776388834631178,-0.8,24.0,34.0,7,1.0,1.24,215.0,162.5,11.0,0.75,6.9,0.0,0.0,0.0,shortwall,medium_hard,Shuanglou,basic_stable,mine attribution INFERRED (west of ZK4/JPK20+389); needs the mine-boundary plan for confirmation
C68,JPK19+880,JPK,8,2022-07-16,2.0,0.09,-0.4,1,-0.5,-2.1,-2.5,0.3,-0.39999999999999974,1.1,-0.6999999999999997,-2.3,-1.7999999999999998,1.5,0.5,-0.2333333333333333,1.6653327995729066,-2.4,22.0,24.0,8,1.0,1.24,215.0,162.5,11.0,0.75,6.9,0.0,0.0,0.0,shortwall,medium_hard,Shuanglou,basic_stable,mine attribution INFERRED (west of ZK4/JPK20+389); needs the mine-boundary plan for confirmation
C69,JPK19+840,JPK,6,2022-05-31,-1.1,-0.03,1.4,1,1.4999999999999996,0.9,2.5999999999999996,-0.2,1.6999999999999997,1.4,1.8999999999999997,-1.8,0.4999999999999998,2.3,2.3,0.6999999999999998,0.8185352771872445,1.1,34.0,21.0,6,1.0,1.24,215.0,162.5,11.0,0.75,6.9,0.0,0.0,0.0,shortwall,medium_hard,Shuanglou,basic_stable,mine attribution INFERRED (west of ZK4/JPK20+389); needs the mine-boundary plan for confirmation
C69,JPK19+840,JPK,7,2022-06-24,-0.7,-0.03,0.7,1,0.7999999999999996,-1.1,1.4999999999999996,0.9,2.5999999999999996,-0.2,1.6999999999999997,1.4,1.8999999999999997,-1.8,0.4999999999999998,-0.1333333333333334,1.001665280087781,-2.0,24.0,34.0,7,1.0,1.24,215.0,162.5,11.0,0.75,6.9,0.0,0.0,0.0,shortwall,medium_hard,Shuanglou,basic_stable,mine attribution INFERRED (west of ZK4/JPK20+389); needs the mine-boundary plan for confirmation
C69,JPK19+840,JPK,8,2022-07-16,-1.8,-0.08,-1.1,1,-1.0000000000000004,-0.7,0.7999999999999996,-1.1,1.4999999999999996,0.9,2.5999999999999996,-0.2,1.6999999999999997,1.4,1.8999999999999997,-0.30000000000000004,1.058300524425836,0.40000000000000013,22.0,24.0,8,1.0,1.24,215.0,162.5,11.0,0.75,6.9,0.0,0.0,0.0,shortwall,medium_hard,Shuanglou,basic_stable,mine attribution INFERRED (west of ZK4/JPK20+389); needs the mine-boundary plan for confirmation
C7,K21+845,K21,6,2022-05-31,-2.3,-0.07,-8.8,1,-8.9,-2.1,-6.6,-2.4,-4.5,-3.2,-2.1,3.2,1.1,-2.1,-2.1,-2.5666666666666664,0.5686240703077327,0.2999999999999998,34.0,21.0,6,0.0,0.0,0.0,0.0,0.0,0.0,0.0,0.0,0.0,0.0,none,none,Wanghe,none,outside goaf segments; no goaf beneath the route
C7,K21+845,K21,7,2022-06-24,-1.5,-0.06,-10.2,1,-10.4,-2.3,-8.9,-2.1,-6.6,-2.4,-4.5,-3.2,-2.1,3.2,1.1,-2.266666666666667,0.15275252316519333,-0.19999999999999973,24.0,34.0,7,0.0,0.0,0.0,0.0,0.0,0.0,0.0,0.0,0.0,0.0,none,none,Wanghe,none,outside goaf segments; no goaf beneath the route
C7,K21+845,K21,8,2022-07-16,1.0,0.05,-9.2,1,-9.4,-1.5,-10.4,-2.3,-8.9,-2.1,-6.6,-2.4,-4.5,-3.2,-2.1,-1.9666666666666668,0.41633319989322554,0.7999999999999998,22.0,24.0,8,0.0,0.0,0.0,0.0,0.0,0.0,0.0,0.0,0.0,0.0,none,none,Wanghe,none,outside goaf segments; no goaf beneath the route
C70,JPK19+780,JPK,6,2022-05-31,-1.9,-0.06,-2.5,1,-2.6999999999999997,1.0,-0.7999999999999998,-1.4,-1.7999999999999998,1.3,-0.3999999999999999,-2.5,-1.7,0.8,0.8,0.30000000000000004,1.479864858694874,2.4,34.0,21.0,6,1.0,1.24,215.0,162.5,11.0,0.75,6.9,0.0,0.0,0.0,shortwall,medium_hard,Shuanglou,basic_stable,mine attribution INFERRED (west of ZK4/JPK20+389); needs the mine-boundary plan for confirmation
C70,JPK19+780,JPK,7,2022-06-24,-0.5,-0.02,-3.1,1,-3.1999999999999997,-1.9,-2.6999999999999997,1.0,-0.7999999999999998,-1.4,-1.7999999999999998,1.3,-0.3999999999999999,-2.5,-1.7,-0.7666666666666666,1.550268793897798,-2.9,24.0,34.0,7,1.0,1.24,215.0,162.5,11.0,0.75,6.9,0.0,0.0,0.0,shortwall,medium_hard,Shuanglou,basic_stable,mine attribution INFERRED (west of ZK4/JPK20+389); needs the mine-boundary plan for confirmation
C70,JPK19+780,JPK,8,2022-07-16,-1.0,-0.05,-4.1,1,-4.199999999999999,-0.5,-3.1999999999999997,-1.9,-2.6999999999999997,1.0,-0.7999999999999998,-1.4,-1.7999999999999998,1.3,-0.3999999999999999,-0.4666666666666666,1.4502873278538062,1.4,22.0,24.0,8,1.0,1.24,215.0,162.5,11.0,0.75,6.9,0.0,0.0,0.0,shortwall,medium_hard,Shuanglou,basic_stable,mine attribution INFERRED (west of ZK4/JPK20+389); needs the mine-boundary plan for confirmation
C71,JPK19+730,JPK,6,2022-05-31,-2.7,-0.08,-10.8,1,-10.8,-3.8,-8.1,-4.3,-4.3,0.9,0.0,-1.5,-0.9,0.6,0.6,-2.4,2.8687976575562097,0.5,34.0,21.0,6,1.0,1.24,215.0,162.5,11.0,0.75,6.9,0.0,0.0,0.0,shortwall,medium_hard,Shuanglou,basic_stable,mine attribution INFERRED (west of ZK4/JPK20+389); needs the mine-boundary plan for confirmation
C71,JPK19+730,JPK,7,2022-06-24,-1.2,-0.05,-11.9,1,-12.0,-2.7,-10.8,-3.8,-8.1,-4.3,-4.3,0.9,0.0,-1.5,-0.9,-3.6,0.8185352771872427,1.0999999999999996,24.0,34.0,7,1.0,1.24,215.0,162.5,11.0,0.75,6.9,0.0,0.0,0.0,shortwall,medium_hard,Shuanglou,basic_stable,mine attribution INFERRED (west of ZK4/JPK20+389); needs the mine-boundary plan for confirmation
C71,JPK19+730,JPK,8,2022-07-16,-0.7,-0.03,-12.7,1,-12.7,-1.2,-12.0,-2.7,-10.8,-3.8,-8.1,-4.3,-4.3,0.9,0.0,-2.566666666666667,1.305118130030125,1.5000000000000002,22.0,24.0,8,1.0,1.24,215.0,162.5,11.0,0.75,6.9,0.0,0.0,0.0,shortwall,medium_hard,Shuanglou,basic_stable,mine attribution INFERRED (west of ZK4/JPK20+389); needs the mine-boundary plan for confirmation
C72,JPK20+100,JPK,6,2022-05-31,1.6,0.05,4.4,1,4.4,0.8,2.8,-1.1,2.0,1.2,3.1,-0.7,1.9000000000000001,2.6,2.6,0.3,1.228820572744451,1.9000000000000001,34.0,21.0,6,1.0,1.24,215.0,162.5,11.0,0.75,6.9,0.0,0.0,0.0,shortwall,medium_hard,Shuanglou,basic_stable,dual-mileage point (ramp mileage belongs to Segment 1)
C72,JPK20+100,JPK,7,2022-06-24,0.0,0.0,4.4,1,4.4,1.6,4.4,0.8,2.8,-1.1,2.0,1.2,3.1,-0.7,1.9000000000000001,0.43333333333333335,1.3868429375143148,0.8,24.0,34.0,7,1.0,1.24,215.0,162.5,11.0,0.75,6.9,0.0,0.0,0.0,shortwall,medium_hard,Shuanglou,basic_stable,dual-mileage point (ramp mileage belongs to Segment 1)
C72,JPK20+100,JPK,8,2022-07-16,-2.0,-0.09,2.4,1,2.4000000000000004,0.0,4.4,1.6,4.4,0.8,2.8,-1.1,2.0,1.2,3.1,0.8000000000000002,0.7999999999999998,-1.6,22.0,24.0,8,1.0,1.24,215.0,162.5,11.0,0.75,6.9,0.0,0.0,0.0,shortwall,medium_hard,Shuanglou,basic_stable,dual-mileage point (ramp mileage belongs to Segment 1)
C73,JPK20+160,JPK,6,2022-05-31,2.4,0.07,2.4,1,2.4,1.1,0.0,-4.0,-1.1,1.2,2.9,-1.2,1.7,2.9,2.9,-0.5666666666666665,2.9737742572921255,5.1,34.0,21.0,6,1.0,1.24,215.0,162.5,11.0,0.75,6.9,0.0,0.0,0.0,shortwall,medium_hard,Shuanglou,basic_stable,dual-mileage point (ramp mileage belongs to Segment 1)
C73,JPK20+160,JPK,7,2022-06-24,2.0,0.08,4.3,1,4.4,2.4,2.4,1.1,0.0,-4.0,-1.1,1.2,2.9,-1.2,1.7,-0.16666666666666666,3.382799629498226,1.2999999999999998,24.0,34.0,7,1.0,1.24,215.0,162.5,11.0,0.75,6.9,0.0,0.0,0.0,shortwall,medium_hard,Shuanglou,basic_stable,dual-mileage point (ramp mileage belongs to Segment 1)
C73,JPK20+160,JPK,8,2022-07-16,1.7,0.08,6.1,1,6.1,2.0,4.4,2.4,2.4,1.1,0.0,-4.0,-1.1,1.2,2.9,1.8333333333333333,0.6658328118479362,-0.3999999999999999,22.0,24.0,8,1.0,1.24,215.0,162.5,11.0,0.75,6.9,0.0,0.0,0.0,shortwall,medium_hard,Shuanglou,basic_stable,dual-mileage point (ramp mileage belongs to Segment 1)
C74,JPK20+260,JPK,6,2022-05-31,-1.5,-0.04,-0.7,1,-0.6999999999999997,1.1,0.8000000000000003,-2.9,-0.2999999999999998,1.5,2.5999999999999996,-1.8,1.0999999999999999,2.9,2.9,-0.09999999999999987,2.4331050121192876,4.0,34.0,21.0,6,1.0,1.24,215.0,162.5,11.0,0.75,6.9,0.0,0.0,0.0,shortwall,medium_hard,Shuanglou,basic_stable,
C74,JPK20+260,JPK,7,2022-06-24,-1.4,-0.06,-2.0,1,-2.0999999999999996,-1.5,-0.6999999999999997,1.1,0.8000000000000003,-2.9,-0.2999999999999998,1.5,2.5999999999999996,-1.8,1.0999999999999999,-1.0999999999999999,2.029778313018444,-2.6,24.0,34.0,7,1.0,1.24,215.0,162.5,11.0,0.75,6.9,0.0,0.0,0.0,shortwall,medium_hard,Shuanglou,basic_stable,
C74,JPK20+260,JPK,8,2022-07-16,2.0,0.09,0.0,1,-0.09999999999999964,-1.4,-2.0999999999999996,-1.5,-0.6999999999999997,1.1,0.8000000000000003,-2.9,-0.2999999999999998,1.5,2.5999999999999996,-0.5999999999999999,1.4730919862656233,0.10000000000000009,22.0,24.0,8,1.0,1.24,215.0,162.5,11.0,0.75,6.9,0.0,0.0,0.0,shortwall,medium_hard,Shuanglou,basic_stable,
C75,JPK20+300,JPK,6,2022-05-31,-2.5,-0.07,-2.5,1,-2.6000000000000005,0.8,-0.10000000000000031,-4.2,-0.9000000000000004,0.8,3.3,0.6,2.5,1.9,1.9,-0.8666666666666668,2.886751345948129,5.0,34.0,21.0,6,1.0,1.24,215.0,162.5,11.0,0.75,6.9,0.0,0.0,0.0,shortwall,medium_hard,Shuanglou,basic_stable,
C75,JPK20+300,JPK,7,2022-06-24,-1.7,-0.07,-4.2,1,-4.300000000000001,-2.5,-2.6000000000000005,0.8,-0.10000000000000031,-4.2,-0.9000000000000004,0.8,3.3,0.6,2.5,-1.9666666666666668,2.5423086620891127,-3.3,24.0,34.0,7,1.0,1.24,215.0,162.5,11.0,0.75,6.9,0.0,0.0,0.0,shortwall,medium_hard,Shuanglou,basic_stable,
C75,JPK20+300,JPK,8,2022-07-16,-0.1,-0.01,-4.4,1,-4.4,-1.7,-4.300000000000001,-2.5,-2.6000000000000005,0.8,-0.10000000000000031,-4.2,-0.9000000000000004,0.8,3.3,-1.1333333333333335,1.7214335111567143,0.8,22.0,24.0,8,1.0,1.24,215.0,162.5,11.0,0.75,6.9,0.0,0.0,0.0,shortwall,medium_hard,Shuanglou,basic_stable,
C76,JPK20+390,JPK,6,2022-05-31,-2.2,-0.07,-5.4,1,-5.4,0.9,-3.2,-2.4,-4.1,-4.5,-1.7000000000000002,0.8,2.8,2.0,2.0,-2.0,2.7221315177632395,3.3,34.0,21.0,6,1.0,1.24,215.0,162.5,11.0,0.75,6.9,0.0,0.0,0.0,shortwall,medium_hard,Shuanglou,basic_stable,
C76,JPK20+390,JPK,7,2022-06-24,-2.0,-0.08,-7.3,1,-7.4,-2.2,-5.4,0.9,-3.2,-2.4,-4.1,-4.5,-1.7000000000000002,0.8,2.8,-1.2333333333333334,1.8502252115170554,-3.1,24.0,34.0,7,1.0,1.24,215.0,162.5,11.0,0.75,6.9,0.0,0.0,0.0,shortwall,medium_hard,Shuanglou,basic_stable,
C76,JPK20+390,JPK,8,2022-07-16,-0.8,-0.04,-8.1,1,-8.200000000000001,-2.0,-7.4,-2.2,-5.4,0.9,-3.2,-2.4,-4.1,-4.5,-1.7000000000000002,-1.1,1.7349351572897471,0.20000000000000018,22.0,24.0,8,1.0,1.24,215.0,162.5,11.0,0.75,6.9,0.0,0.0,0.0,shortwall,medium_hard,Shuanglou,basic_stable,
C77,JPK20+400,JPK,6,2022-05-31,-2.6,-0.08,-1.9,1,-1.9000000000000004,0.9,0.6999999999999998,-4.0,-0.20000000000000018,1.0,3.8,1.1,2.8,1.7,1.7,-0.7000000000000001,2.85832118559129,4.9,34.0,21.0,6,1.0,1.24,215.0,162.5,11.0,0.75,6.9,0.0,0.0,0.0,shortwall,medium_hard,Shuanglou,basic_stable,dual-mileage point (ramp mileage belongs to Segment 1)
C77,JPK20+400,JPK,7,2022-06-24,-1.2,-0.05,-3.0,1,-3.1000000000000005,-2.6,-1.9000000000000004,0.9,0.6999999999999998,-4.0,-0.20000000000000018,1.0,3.8,1.1,2.8,-1.9000000000000004,2.523885892824792,-3.5,24.0,34.0,7,1.0,1.24,215.0,162.5,11.0,0.75,6.9,0.0,0.0,0.0,shortwall,medium_hard,Shuanglou,basic_stable,dual-mileage point (ramp mileage belongs to Segment 1)
C77,JPK20+400,JPK,8,2022-07-16,-0.4,-0.02,-3.4,1,-3.5000000000000004,-1.2,-3.1000000000000005,-2.6,-1.9000000000000004,0.9,0.6999999999999998,-4.0,-0.20000000000000018,1.0,3.8,-0.9666666666666668,1.7616280348965077,1.4000000000000001,22.0,24.0,8,1.0,1.24,215.0,162.5,11.0,0.75,6.9,0.0,0.0,0.0,shortwall,medium_hard,Shuanglou,basic_stable,dual-mileage point (ramp mileage belongs to Segment 1)
C78,,RAMP,6,2022-05-31,-3.3,-0.1,-1.1,1,-1.1,1.0,2.1999999999999997,-2.2,1.1999999999999997,1.2,3.4,0.9,2.2,1.3,1.3,-1.4802973661668753e-16,1.9078784028338915,3.2,34.0,21.0,6,1.0,1.24,215.0,162.5,11.0,0.75,6.9,0.0,0.0,0.0,shortwall,medium_hard,Interchange(Wanghe/Mihe/Shuanglou),basic_stable,
C78,,RAMP,7,2022-06-24,-1.3,-0.05,-2.4,1,-2.4000000000000004,-3.3,-1.1,1.0,2.1999999999999997,-2.2,1.1999999999999997,1.2,3.4,0.9,2.2,-1.5,2.233830790368868,-4.3,24.0,34.0,7,1.0,1.24,215.0,162.5,11.0,0.75,6.9,0.0,0.0,0.0,shortwall,medium_hard,Interchange(Wanghe/Mihe/Shuanglou),basic_stable,
C78,,RAMP,8,2022-07-16,-0.6,-0.03,-3.0,1,-3.0,-1.3,-2.4000000000000004,-3.3,-1.1,1.0,2.1999999999999997,-2.2,1.1999999999999997,1.2,3.4,-1.2,2.1517434791350016,1.9999999999999998,22.0,24.0,8,1.0,1.24,215.0,162.5,11.0,0.75,6.9,0.0,0.0,0.0,shortwall,medium_hard,Interchange(Wanghe/Mihe/Shuanglou),basic_stable,
C79,,RAMP,6,2022-05-31,-1.1,-0.03,-2.2,1,-2.2,-1.1,-1.1,-1.6,0.0,-1.0,1.6,0.5,2.6,2.1,2.1,-1.2333333333333334,0.3214550253664312,0.5,34.0,21.0,6,1.0,1.24,215.0,162.5,11.0,0.75,6.9,0.0,0.0,0.0,shortwall,medium_hard,Interchange(Wanghe/Mihe/Shuanglou),basic_stable,
C79,,RAMP,7,2022-06-24,0.9,0.04,-1.3,1,-1.3000000000000003,-1.1,-2.2,-1.1,-1.1,-1.6,0.0,-1.0,1.6,0.5,2.6,-1.2666666666666668,0.2886751345948122,0.0,24.0,34.0,7,1.0,1.24,215.0,162.5,11.0,0.75,6.9,0.0,0.0,0.0,shortwall,medium_hard,Interchange(Wanghe/Mihe/Shuanglou),basic_stable,
C79,,RAMP,8,2022-07-16,-1.6,-0.07,-2.9,1,-2.9000000000000004,0.9,-1.3000000000000003,-1.1,-2.2,-1.1,-1.1,-1.6,0.0,-1.0,1.6,-0.4333333333333334,1.1547005383792515,2.0,22.0,24.0,8,1.0,1.24,215.0,162.5,11.0,0.75,6.9,0.0,0.0,0.0,shortwall,medium_hard,Interchange(Wanghe/Mihe/Shuanglou),basic_stable,
C8,K21+885,K21,6,2022-05-31,-2.8,-0.08,-4.3,1,-4.3,-3.0,-1.5,-2.3,1.5,-1.0,3.8,4.2,4.8,0.6,0.6,-2.1,1.01488915650922,-0.7000000000000002,34.0,21.0,6,0.0,0.0,0.0,0.0,0.0,0.0,0.0,0.0,0.0,0.0,none,none,Wanghe,none,outside goaf segments; no goaf beneath the route
C8,K21+885,K21,7,2022-06-24,-1.4,-0.06,-5.7,1,-5.699999999999999,-2.8,-4.3,-3.0,-1.5,-2.3,1.5,-1.0,3.8,4.2,4.8,-2.6999999999999997,0.36055512754639263,0.20000000000000018,24.0,34.0,7,0.0,0.0,0.0,0.0,0.0,0.0,0.0,0.0,0.0,0.0,none,none,Wanghe,none,outside goaf segments; no goaf beneath the route
C8,K21+885,K21,8,2022-07-16,-0.5,-0.02,-6.2,1,-6.199999999999999,-1.4,-5.699999999999999,-2.8,-4.3,-3.0,-1.5,-2.3,1.5,-1.0,3.8,-2.4,0.8717797887081323,1.4,22.0,24.0,8,0.0,0.0,0.0,0.0,0.0,0.0,0.0,0.0,0.0,0.0,none,none,Wanghe,none,outside goaf segments; no goaf beneath the route
C80,JPK21+340,JPK,6,2022-05-31,-2.1,-0.06,-5.8,1,-5.8,-1.5,-3.6999999999999997,-1.7,-2.1999999999999997,1.3,-0.4999999999999998,-2.8,-1.7999999999999998,1.0,1.0,-0.6333333333333333,1.6772994167212165,0.19999999999999996,34.0,21.0,6,1.0,1.24,215.0,162.5,11.0,0.75,6.9,0.0,0.0,0.0,shortwall,medium_hard,Mihe,basic_stable,
C80,JPK21+340,JPK,7,2022-06-24,0.7,0.03,-5.1,1,-5.1,-2.1,-5.8,-1.5,-3.6999999999999997,-1.7,-2.1999999999999997,1.3,-0.4999999999999998,-2.8,-1.7999999999999998,-1.7666666666666668,0.30550504633038894,-0.6000000000000001,24.0,34.0,7,1.0,1.24,215.0,162.5,11.0,0.75,6.9,0.0,0.0,0.0,shortwall,medium_hard,Mihe,basic_stable,
C80,JPK21+340,JPK,8,2022-07-16,1.3,0.06,-3.8,1,-3.8,0.7,-5.1,-2.1,-5.8,-1.5,-3.6999999999999997,-1.7,-2.1999999999999997,1.3,-0.4999999999999998,-0.9666666666666668,1.474222959166399,2.8,22.0,24.0,8,1.0,1.24,215.0,162.5,11.0,0.75,6.9,0.0,0.0,0.0,shortwall,medium_hard,Mihe,basic_stable,
C81,JPK21+390,JPK,6,2022-05-31,-1.7,-0.05,-9.6,1,-9.6,-0.9,-7.9,-2.1,-7.0,1.2,-4.9,-3.0,-6.1,-3.1,-3.1,-0.6,1.6703293088490063,1.2000000000000002,34.0,21.0,6,1.0,1.24,215.0,162.5,11.0,0.75,6.9,0.0,0.0,0.0,shortwall,medium_hard,Mihe,basic_stable,
C81,JPK21+390,JPK,7,2022-06-24,1.1,0.04,-8.6,1,-8.5,-1.7,-9.6,-0.9,-7.9,-2.1,-7.0,1.2,-4.9,-3.0,-6.1,-1.5666666666666667,0.6110100926607782,-0.7999999999999999,24.0,34.0,7,1.0,1.24,215.0,162.5,11.0,0.75,6.9,0.0,0.0,0.0,shortwall,medium_hard,Mihe,basic_stable,
C81,JPK21+390,JPK,8,2022-07-16,-1.4,-0.06,-10.0,1,-9.9,1.1,-8.5,-1.7,-9.6,-0.9,-7.9,-2.1,-7.0,1.2,-4.9,-0.49999999999999983,1.4422205101855954,2.8,22.0,24.0,8,1.0,1.24,215.0,162.5,11.0,0.75,6.9,0.0,0.0,0.0,shortwall,medium_hard,Mihe,basic_stable,
C9,K21+935,K21,6,2022-05-31,-1.3,-0.04,0.8,1,0.8999999999999997,-1.2,2.1999999999999997,1.2,3.3999999999999995,-1.1,2.1999999999999997,4.1,3.3,-0.8,-0.8,-0.36666666666666653,1.3576941236277538,-2.4,34.0,21.0,6,0.0,0.0,0.0,0.0,0.0,0.0,0.0,0.0,0.0,0.0,none,none,Wanghe,none,outside goaf segments; no goaf beneath the route
C9,K21+935,K21,7,2022-06-24,-2.1,-0.09,-1.2,1,-1.2000000000000004,-1.3,0.8999999999999997,-1.2,2.1999999999999997,1.2,3.3999999999999995,-1.1,2.1999999999999997,4.1,3.3,-0.4333333333333332,1.4153915830374768,-0.10000000000000009,24.0,34.0,7,0.0,0.0,0.0,0.0,0.0,0.0,0.0,0.0,0.0,0.0,none,none,Wanghe,none,outside goaf segments; no goaf beneath the route
C9,K21+935,K21,8,2022-07-16,0.5,0.02,-0.7,1,-0.7000000000000004,-2.1,-1.2000000000000004,-1.3,0.8999999999999997,-1.2,2.1999999999999997,1.2,3.3999999999999995,-1.1,2.1999999999999997,-1.5333333333333332,0.4932882862316255,-0.8,22.0,24.0,8,0.0,0.0,0.0,0.0,0.0,0.0,0.0,0.0,0.0,0.0,none,none,Wanghe,none,outside goaf segments; no goaf beneath the route
